serial_timestamp,computer_timestamp,pt_1,pt_2,pt_3,pt_4,pt_5,tc_1,tc_2,tc_3,lc_1,lc_2,lc_3,fcv_1,fcv_2,fcv_3,fcv_4,fcv_5,fcv_6,fcv_7
PT1.490S,2025-05-26T16:46:13.623101,-449.5967741935484,-235.96041055718476,-237.4633431085044,-237.4633431085044,-235.96041055718476,0.0,0.0,0.0,0.0,0.0,0.0,False,False,False,False,False,False,False
PT1.661S,2025-05-26T16:46:13.822172,-449.5967741935484,-234.46969696969697,-234.46969696969697,-234.46969696969697,-234.46969696969697,0.0,0.0,0.0,0.0,0.0,0.0,False,False,False,False,False,False,False
PT1.832S,2025-05-26T16:46:14.022388,-412.26783968719457,-235.96041055718476,-237.4633431085044,-235.96041055718476,-237.4633431085044,0.0,0.0,0.0,0.0,0.0,0.0,False,False,False,False,False,False,False
PT2.003S,2025-05-26T16:46:14.222205,-449.5967741935484,-235.96041055718476,-234.46969696969697,-234.46969696969697,-235.96041055718476,0.0,0.0,0.0,0.0,0.0,0.0,False,False,False,False,False,False,False
PT2.174S,2025-05-26T16:46:14.424724,-449.5967741935484,-237.4633431085044,-237.4633431085044,-237.4633431085044,-235.96041055718476,0.0,0.0,0.0,0.0,0.0,0.0,False,False,False,False,False,False,False
PT2.347S,2025-05-26T16:46:14.624458,-449.5967741935484,-234.46969696969697,-234.46969696969697,-234.46969696969697,-234.46969696969697,0.0,0.0,0.0,0.0,0.0,0.0,False,False,False,False,False,False,False
PT2.516S,2025-05-26T16:46:14.823188,-412.26783968719457,-237.4633431085044,-237.4633431085044,-235.96041055718476,-235.96041055718476,0.0,0.0,0.0,0.0,0.0,0.0,False,False,False,False,False,False,False
PT2.689S,2025-05-26T16:46:15.022760,-449.5967741935484,-235.96041055718476,-234.46969696969697,-234.46969696969697,-234.46969696969697,0.0,0.0,0.0,0.0,0.0,0.0,False,False,False,False,False,False,False
PT2.860S,2025-05-26T16:46:15.222912,-449.5967741935484,-237.4633431085044,-235.96041055718476,-235.96041055718476,-235.96041055718476,0.0,0.0,0.0,0.0,0.0,0.0,False,False,False,False,False,False,False
PT3.031S,2025-05-26T16:46:15.423121,-449.5967741935484,-234.46969696969697,-235.96041055718476,-234.46969696969697,-234.46969696969697,0.0,0.0,0.0,0.0,0.0,0.0,False,False,False,False,False,False,False
PT3.202S,2025-05-26T16:46:15.625766,-486.864613880743,-235.96041055718476,-235.96041055718476,-235.96041055718476,-235.96041055718476,0.0,0.0,0.0,0.0,0.0,0.0,False,False,False,False,False,False,False
PT3.373S,2025-05-26T16:46:15.826158,-412.26783968719457,-235.96041055718476,-235.96041055718476,-237.4633431085044,-237.4633431085044,0.0,0.0,0.0,0.0,0.0,0.0,False,False,False,False,False,False,False
PT3.544S,2025-05-26T16:46:16.023427,-412.26783968719457,-235.96041055718476,-235.96041055718476,-235.96041055718476,-235.96041055718476,0.0,0.0,0.0,0.0,0.0,0.0,False,False,False,False,False,False,False
PT3.715S,2025-05-26T16:46:16.222315,-486.864613880743,-235.96041055718476,-235.96041055718476,-234.46969696969697,-234.46969696969697,0.0,0.0,0.0,0.0,0.0,0.0,False,False,False,False,False,False,False
PT3.886S,2025-05-26T16:46:16.423756,-449.5967741935484,-237.4633431085044,-235.96041055718476,-235.96041055718476,-235.96041055718476,0.0,0.0,0.0,0.0,0.0,0.0,False,False,False,False,False,False,False
PT4.058S,2025-05-26T16:46:16.622103,-486.864613880743,-237.4633431085044,-237.4633431085044,-235.96041055718476,-234.46969696969697,0.0,0.0,0.0,0.0,0.0,0.0,False,False,False,False,False,False,False
PT4.228S,2025-05-26T16:46:16.823127,-449.5967741935484,-234.46969696969697,-234.46969696969697,-235.96041055718476,-235.96041055718476,0.0,0.0,0.0,0.0,0.0,0.0,False,False,False,False,False,False,False
PT4.400S,2025-05-26T16:46:17.023784,-449.5967741935484,-235.96041055718476,-237.4633431085044,-235.96041055718476,-235.96041055718476,0.0,0.0,0.0,0.0,0.0,0.0,False,False,False,False,False,False,False
PT4.570S,2025-05-26T16:46:17.224715,-449.5967741935484,-234.46969696969697,-235.96041055718476,-234.46969696969697,-234.46969696969697,0.0,0.0,0.0,0.0,0.0,0.0,False,False,False,False,False,False,False
PT4.742S,2025-05-26T16:46:17.422254,-449.5967741935484,-234.46969696969697,-235.96041055718476,-234.46969696969697,-234.46969696969697,0.0,0.0,0.0,0.0,0.0,0.0,False,False,False,False,False,False,False
PT4.913S,2025-05-26T16:46:17.624752,-449.5967741935484,-234.46969696969697,-235.96041055718476,-234.46969696969697,-234.46969696969697,0.0,0.0,0.0,0.0,0.0,0.0,False,False,False,False,False,False,False
PT5.084S,2025-05-26T16:46:17.822719,-449.5967741935484,-235.96041055718476,-237.4633431085044,-237.4633431085044,-237.4633431085044,0.0,0.0,0.0,0.0,0.0,0.0,False,False,False,False,False,False,False
PT5.255S,2025-05-26T16:46:18.020744,-449.5967741935484,-234.46969696969697,-235.96041055718476,-235.96041055718476,-237.4633431085044,0.0,0.0,0.0,0.0,0.0,0.0,False,False,False,False,False,False,False
PT5.426S,2025-05-26T16:46:18.122590,-449.5967741935484,-237.4633431085044,-235.96041055718476,-235.96041055718476,-235.96041055718476,0.0,0.0,0.0,0.0,0.0,0.0,False,False,False,False,False,False,False
PT5.597S,2025-05-26T16:46:18.323807,-486.864613880743,-235.96041055718476,-235.96041055718476,-235.96041055718476,-234.46969696969697,0.0,0.0,0.0,0.0,0.0,0.0,False,False,False,False,False,False,False
PT5.769S,2025-05-26T16:46:18.524794,-449.5967741935484,-235.96041055718476,-237.4633431085044,-237.4633431085044,-237.4633431085044,0.0,0.0,0.0,0.0,0.0,0.0,False,False,False,False,False,False,False
PT5.939S,2025-05-26T16:46:18.725292,-449.5967741935484,-235.96041055718476,-237.4633431085044,-237.4633431085044,-235.96041055718476,0.0,0.0,0.0,0.0,0.0,0.0,False,False,False,False,False,False,False
PT6.111S,2025-05-26T16:46:18.925853,-412.26783968719457,-237.4633431085044,-237.4633431085044,-237.4633431085044,-235.96041055718476,0.0,0.0,0.0,0.0,0.0,0.0,False,False,False,False,False,False,False
PT6.281S,2025-05-26T16:46:19.124819,-449.5967741935484,-235.96041055718476,-237.4633431085044,-235.96041055718476,-235.96041055718476,0.0,0.0,0.0,0.0,0.0,0.0,False,False,False,False,False,False,False
PT6.453S,2025-05-26T16:46:19.327312,-449.5967741935484,-234.46969696969697,-234.46969696969697,-235.96041055718476,-235.96041055718476,0.0,0.0,0.0,0.0,0.0,0.0,False,False,False,False,False,False,False
PT6.624S,2025-05-26T16:46:19.524703,-449.5967741935484,-234.46969696969697,-234.46969696969697,-235.96041055718476,-235.96041055718476,0.0,0.0,0.0,0.0,0.0,0.0,False,False,False,False,False,False,False
PT6.795S,2025-05-26T16:46:19.726219,-486.864613880743,-235.96041055718476,-235.96041055718476,-235.96041055718476,-234.46969696969697,0.0,0.0,0.0,0.0,0.0,0.0,False,False,False,False,False,False,False
PT6.966S,2025-05-26T16:46:19.922486,-449.5967741935484,-234.46969696969697,-234.46969696969697,-234.46969696969697,-234.46969696969697,0.0,0.0,0.0,0.0,0.0,0.0,False,False,False,False,False,False,False
PT7.136S,2025-05-26T16:46:20.124256,-486.864613880743,-238.95405669599216,-235.96041055718476,-234.46969696969697,-234.46969696969697,0.0,0.0,0.0,0.0,0.0,0.0,False,False,False,False,False,False,False
PT7.307S,2025-05-26T16:46:20.325161,-486.864613880743,-237.4633431085044,-235.96041055718476,-235.96041055718476,-234.46969696969697,0.0,0.0,0.0,0.0,0.0,0.0,False,False,False,False,False,False,False
PT7.478S,2025-05-26T16:46:20.525311,-449.5967741935484,-234.46969696969697,-235.96041055718476,-235.96041055718476,-237.4633431085044,0.0,0.0,0.0,0.0,0.0,0.0,False,False,False,False,False,False,False
PT7.649S,2025-05-26T16:46:20.726135,-412.26783968719457,-235.96041055718476,-237.4633431085044,-235.96041055718476,-235.96041055718476,0.0,0.0,0.0,0.0,0.0,0.0,False,False,False,False,False,False,False
PT7.821S,2025-05-26T16:46:20.924449,-449.5967741935484,-235.96041055718476,-237.4633431085044,-235.96041055718476,-235.96041055718476,0.0,0.0,0.0,0.0,0.0,0.0,False,False,False,False,False,False,False
PT7.991S,2025-05-26T16:46:21.124689,-449.5967741935484,-234.46969696969697,-234.46969696969697,-234.46969696969697,-234.46969696969697,0.0,0.0,0.0,0.0,0.0,0.0,False,False,False,False,False,False,False
PT8.163S,2025-05-26T16:46:21.326000,-449.5967741935484,-235.96041055718476,-235.96041055718476,-237.4633431085044,-237.4633431085044,0.0,0.0,0.0,0.0,0.0,0.0,False,False,False,False,False,False,False
PT8.333S,2025-05-26T16:46:21.522890,-449.5967741935484,-234.46969696969697,-234.46969696969697,-234.46969696969697,-235.96041055718476,0.0,0.0,0.0,0.0,0.0,0.0,False,False,False,False,False,False,False
PT8.505S,2025-05-26T16:46:21.721697,-449.5967741935484,-234.46969696969697,-235.96041055718476,-234.46969696969697,-234.46969696969697,0.0,0.0,0.0,0.0,0.0,0.0,False,False,False,False,False,False,False
PT8.676S,2025-05-26T16:46:21.923427,-486.864613880743,-235.96041055718476,-235.96041055718476,-234.46969696969697,-234.46969696969697,0.0,0.0,0.0,0.0,0.0,0.0,False,False,False,False,False,False,False
PT8.847S,2025-05-26T16:46:22.120283,-486.864613880743,-235.96041055718476,-235.96041055718476,-235.96041055718476,-234.46969696969697,0.0,0.0,0.0,0.0,0.0,0.0,False,False,False,False,False,False,False
PT9.018S,2025-05-26T16:46:22.320736,-449.5967741935484,-234.46969696969697,-235.96041055718476,-235.96041055718476,-237.4633431085044,0.0,0.0,0.0,0.0,0.0,0.0,False,False,False,False,False,False,False
PT9.189S,2025-05-26T16:46:22.422236,-449.5967741935484,-234.46969696969697,-237.4633431085044,-235.96041055718476,-237.4633431085044,0.0,0.0,0.0,0.0,0.0,0.0,False,False,False,False,False,False,False
PT9.360S,2025-05-26T16:46:22.621862,-486.864613880743,-235.96041055718476,-235.96041055718476,-235.96041055718476,-234.46969696969697,0.0,0.0,0.0,0.0,0.0,0.0,False,False,False,False,False,False,False
PT9.532S,2025-05-26T16:46:22.823119,-412.26783968719457,-235.96041055718476,-237.4633431085044,-237.4633431085044,-237.4633431085044,0.0,0.0,0.0,0.0,0.0,0.0,False,False,False,False,False,False,False
PT9.702S,2025-05-26T16:46:23.020433,-486.864613880743,-237.4633431085044,-235.96041055718476,-234.46969696969697,-234.46969696969697,0.0,0.0,0.0,0.0,0.0,0.0,False,False,False,False,False,False,False
PT9.874S,2025-05-26T16:46:23.223020,-449.5967741935484,-235.96041055718476,-235.96041055718476,-237.4633431085044,-235.96041055718476,0.0,0.0,0.0,0.0,0.0,0.0,False,False,False,False,False,False,False
PT10.044S,2025-05-26T16:46:23.422947,-449.5967741935484,-234.46969696969697,-234.46969696969697,-234.46969696969697,-234.46969696969697,0.0,0.0,0.0,0.0,0.0,0.0,False,False,False,False,False,False,False
PT10.217S,2025-05-26T16:46:23.625152,-449.5967741935484,-234.46969696969697,-234.46969696969697,-234.46969696969697,-234.46969696969697,0.0,0.0,0.0,0.0,0.0,0.0,False,False,False,False,False,False,False
PT10.389S,2025-05-26T16:46:23.827120,-449.5967741935484,-234.46969696969697,-234.46969696969697,-234.46969696969697,-234.46969696969697,0.0,0.0,0.0,0.0,0.0,0.0,False,False,False,False,False,False,False
PT10.561S,2025-05-26T16:46:24.026119,-449.5967741935484,-234.46969696969697,-235.96041055718476,-234.46969696969697,-234.46969696969697,0.0,0.0,0.0,0.0,0.0,0.0,False,False,False,False,False,False,False
PT10.733S,2025-05-26T16:46:24.226060,-449.5967741935484,-234.46969696969697,-235.96041055718476,-235.96041055718476,-235.96041055718476,0.0,0.0,0.0,0.0,0.0,0.0,False,False,False,False,False,False,False
PT10.905S,2025-05-26T16:46:24.422008,-449.5967741935484,-234.46969696969697,-235.96041055718476,-234.46969696969697,-234.46969696969697,0.0,0.0,0.0,0.0,0.0,0.0,False,False,False,False,False,False,False
PT11.077S,2025-05-26T16:46:24.624039,-449.5967741935484,-237.4633431085044,-237.4633431085044,-235.96041055718476,-235.96041055718476,0.0,0.0,0.0,0.0,0.0,0.0,False,False,False,False,False,False,False
PT11.250S,2025-05-26T16:46:24.824128,-449.5967741935484,-234.46969696969697,-235.96041055718476,-234.46969696969697,-234.46969696969697,0.0,0.0,0.0,0.0,0.0,0.0,False,False,False,False,False,False,False
PT11.421S,2025-05-26T16:46:25.024451,-449.5967741935484,-237.4633431085044,-237.4633431085044,-235.96041055718476,-235.96041055718476,0.0,0.0,0.0,0.0,0.0,0.0,False,False,False,False,False,False,False
PT11.594S,2025-05-26T16:46:25.225906,-449.5967741935484,-237.4633431085044,-237.4633431085044,-237.4633431085044,-235.96041055718476,0.0,0.0,0.0,0.0,0.0,0.0,False,False,False,False,False,False,False
PT11.765S,2025-05-26T16:46:25.421021,-449.5967741935484,-237.4633431085044,-237.4633431085044,-237.4633431085044,-235.96041055718476,0.0,0.0,0.0,0.0,0.0,0.0,False,False,False,False,False,False,False
PT11.938S,2025-05-26T16:46:25.521149,-449.5967741935484,-234.46969696969697,-235.96041055718476,-234.46969696969697,-234.46969696969697,0.0,0.0,0.0,0.0,0.0,0.0,False,False,False,False,False,False,False
PT12.110S,2025-05-26T16:46:25.725625,-449.5967741935484,-234.46969696969697,-234.46969696969697,-234.46969696969697,-235.96041055718476,0.0,0.0,0.0,0.0,0.0,0.0,False,False,False,False,False,False,False
PT12.282S,2025-05-26T16:46:25.925972,-449.5967741935484,-237.4633431085044,-237.4633431085044,-235.96041055718476,-235.96041055718476,0.0,0.0,0.0,0.0,0.0,0.0,False,False,False,False,False,False,False
PT12.454S,2025-05-26T16:46:26.123149,-449.5967741935484,-234.46969696969697,-234.46969696969697,-234.46969696969697,-234.46969696969697,0.0,0.0,0.0,0.0,0.0,0.0,False,False,False,False,False,False,False
PT12.626S,2025-05-26T16:46:26.324223,-449.5967741935484,-234.46969696969697,-235.96041055718476,-235.96041055718476,-237.4633431085044,0.0,0.0,0.0,0.0,0.0,0.0,False,False,False,False,False,False,False
PT12.921S,2025-05-26T16:46:26.525248,-449.5967741935484,-234.46969696969697,-234.46969696969697,-234.46969696969697,-234.46969696969697,0.0,0.0,0.0,0.0,0.0,0.0,False,False,False,False,False,False,False
PT13.216S,2025-05-26T16:46:26.725185,-412.26783968719457,-234.46969696969697,-235.96041055718476,-237.4633431085044,-237.4633431085044,0.0,0.0,0.0,0.0,0.0,0.0,False,False,False,False,False,False,False
PT13.388S,2025-05-26T16:46:26.920770,-449.5967741935484,-234.46969696969697,-234.46969696969697,-235.96041055718476,-235.96041055718476,0.0,0.0,0.0,0.0,0.0,0.0,False,False,False,False,False,False,False
PT13.561S,2025-05-26T16:46:27.128121,-449.5967741935484,-234.46969696969697,-234.46969696969697,-234.46969696969697,-234.46969696969697,0.0,0.0,0.0,0.0,0.0,0.0,False,False,False,False,False,False,False
PT13.733S,2025-05-26T16:46:27.326366,-449.5967741935484,-235.96041055718476,-237.4633431085044,-235.96041055718476,-235.96041055718476,0.0,0.0,0.0,0.0,0.0,0.0,False,False,False,False,False,False,False
PT13.905S,2025-05-26T16:46:27.524972,-449.5967741935484,-234.46969696969697,-234.46969696969697,-234.46969696969697,-234.46969696969697,0.0,0.0,0.0,0.0,0.0,0.0,False,False,False,False,False,False,False
PT14.077S,2025-05-26T16:46:27.725322,-412.26783968719457,-237.4633431085044,-237.4633431085044,-237.4633431085044,-235.96041055718476,0.0,0.0,0.0,0.0,0.0,0.0,False,False,False,False,False,False,False
PT14.251S,2025-05-26T16:46:27.917637,-449.5967741935484,-237.4633431085044,-237.4633431085044,-235.96041055718476,-237.4633431085044,0.0,0.0,0.0,0.0,0.0,0.0,False,False,False,False,False,False,False
PT14.422S,2025-05-26T16:46:28.018520,-449.5967741935484,-235.96041055718476,-234.46969696969697,-234.46969696969697,-234.46969696969697,0.0,0.0,0.0,0.0,0.0,0.0,False,False,False,False,False,False,False
PT14.595S,2025-05-26T16:46:28.121645,-449.5967741935484,-237.4633431085044,-235.96041055718476,-235.96041055718476,-234.46969696969697,0.0,0.0,0.0,0.0,0.0,0.0,False,False,False,False,False,False,False
PT14.767S,2025-05-26T16:46:28.326217,-449.5967741935484,-234.46969696969697,-234.46969696969697,-234.46969696969697,-234.46969696969697,0.0,0.0,0.0,0.0,0.0,0.0,False,False,False,False,False,False,False
PT14.939S,2025-05-26T16:46:28.521163,-449.5967741935484,-234.46969696969697,-234.46969696969697,-235.96041055718476,-237.4633431085044,0.0,0.0,0.0,0.0,0.0,0.0,False,False,False,False,False,False,False
PT15.111S,2025-05-26T16:46:28.726265,-486.864613880743,-235.96041055718476,-237.4633431085044,-235.96041055718476,-234.46969696969697,0.0,0.0,0.0,0.0,0.0,0.0,False,False,False,False,False,False,False
PT15.284S,2025-05-26T16:46:28.923996,-449.5967741935484,-234.46969696969697,-235.96041055718476,-234.46969696969697,-234.46969696969697,0.0,0.0,0.0,0.0,0.0,0.0,False,False,False,False,False,False,False
PT15.456S,2025-05-26T16:46:29.123780,-449.5967741935484,-237.4633431085044,-237.4633431085044,-237.4633431085044,-235.96041055718476,0.0,0.0,0.0,0.0,0.0,0.0,False,False,False,False,False,False,False
PT15.628S,2025-05-26T16:46:29.326410,-449.5967741935484,-235.96041055718476,-235.96041055718476,-235.96041055718476,-234.46969696969697,0.0,0.0,0.0,0.0,0.0,0.0,False,False,False,False,False,False,False
PT15.800S,2025-05-26T16:46:29.518528,-449.5967741935484,-237.4633431085044,-237.4633431085044,-237.4633431085044,-235.96041055718476,0.0,0.0,0.0,0.0,0.0,0.0,False,False,False,False,False,False,False
PT15.973S,2025-05-26T16:46:29.724234,-449.5967741935484,-237.4633431085044,-237.4633431085044,-235.96041055718476,-235.96041055718476,0.0,0.0,0.0,0.0,0.0,0.0,False,False,False,False,False,False,False
PT16.144S,2025-05-26T16:46:29.924930,-449.5967741935484,-234.46969696969697,-235.96041055718476,-234.46969696969697,-234.46969696969697,0.0,0.0,0.0,0.0,0.0,0.0,False,False,False,False,False,False,False
PT16.317S,2025-05-26T16:46:30.125635,-486.864613880743,-235.96041055718476,-235.96041055718476,-234.46969696969697,-235.96041055718476,0.0,0.0,0.0,0.0,0.0,0.0,False,False,False,False,False,False,False
PT16.489S,2025-05-26T16:46:30.325458,-449.5967741935484,-237.4633431085044,-237.4633431085044,-235.96041055718476,-235.96041055718476,0.0,0.0,0.0,0.0,0.0,0.0,False,False,False,False,False,False,False
PT16.661S,2025-05-26T16:46:30.533352,-412.26783968719457,-235.96041055718476,-237.4633431085044,-235.96041055718476,-235.96041055718476,0.0,0.0,0.0,0.0,0.0,0.0,False,False,False,False,False,False,False
PT16.833S,2025-05-26T16:46:30.724914,-449.5967741935484,-235.96041055718476,-235.96041055718476,-235.96041055718476,-234.46969696969697,0.0,0.0,0.0,0.0,0.0,0.0,False,False,False,False,False,False,False
PT17.006S,2025-05-26T16:46:30.924764,-449.5967741935484,-234.46969696969697,-235.96041055718476,-234.46969696969697,-235.96041055718476,0.0,0.0,0.0,0.0,0.0,0.0,False,False,False,False,False,False,False
PT17.178S,2025-05-26T16:46:31.124426,-449.5967741935484,-234.46969696969697,-234.46969696969697,-234.46969696969697,-234.46969696969697,0.0,0.0,0.0,0.0,0.0,0.0,False,False,False,False,False,False,False
PT17.350S,2025-05-26T16:46:31.323890,-449.5967741935484,-234.46969696969697,-234.46969696969697,-235.96041055718476,-234.46969696969697,0.0,0.0,0.0,0.0,0.0,0.0,False,False,False,False,False,False,False
PT17.522S,2025-05-26T16:46:31.521101,-449.5967741935484,-234.46969696969697,-235.96041055718476,-235.96041055718476,-237.4633431085044,0.0,0.0,0.0,0.0,0.0,0.0,False,False,False,False,False,False,False
PT17.695S,2025-05-26T16:46:31.621252,-449.5967741935484,-234.46969696969697,-235.96041055718476,-237.4633431085044,-235.96041055718476,0.0,0.0,0.0,0.0,0.0,0.0,False,False,False,False,False,False,False
PT17.867S,2025-05-26T16:46:31.826568,-449.5967741935484,-234.46969696969697,-234.46969696969697,-235.96041055718476,-234.46969696969697,0.0,0.0,0.0,0.0,0.0,0.0,False,False,False,False,False,False,False
PT18.039S,2025-05-26T16:46:32.025091,-449.5967741935484,-234.46969696969697,-234.46969696969697,-234.46969696969697,-234.46969696969697,0.0,0.0,0.0,0.0,0.0,0.0,False,False,False,False,False,False,False
PT18.211S,2025-05-26T16:46:32.226496,-449.5967741935484,-237.4633431085044,-235.96041055718476,-235.96041055718476,-235.96041055718476,0.0,0.0,0.0,0.0,0.0,0.0,False,False,False,False,False,False,False
PT18.384S,2025-05-26T16:46:32.425517,-449.5967741935484,-234.46969696969697,-234.46969696969697,-234.46969696969697,-234.46969696969697,0.0,0.0,0.0,0.0,0.0,0.0,False,False,False,False,False,False,False
PT18.555S,2025-05-26T16:46:32.622880,-449.5967741935484,-237.4633431085044,-237.4633431085044,-235.96041055718476,-235.96041055718476,0.0,0.0,0.0,0.0,0.0,0.0,False,False,False,False,False,False,False
PT18.851S,2025-05-26T16:46:32.820433,-449.5967741935484,-234.46969696969697,-234.46969696969697,-235.96041055718476,-234.46969696969697,0.0,0.0,0.0,0.0,0.0,0.0,False,False,False,False,False,False,False
PT19.022S,2025-05-26T16:46:33.021988,-449.5967741935484,-234.46969696969697,-235.96041055718476,-235.96041055718476,-237.4633431085044,0.0,0.0,0.0,0.0,0.0,0.0,False,False,False,False,False,False,False
PT19.195S,2025-05-26T16:46:33.123947,-449.5967741935484,-234.46969696969697,-234.46969696969697,-234.46969696969697,-232.97898338220918,0.0,0.0,0.0,0.0,0.0,0.0,False,False,False,False,False,False,False
PT19.490S,2025-05-26T16:46:33.324754,-486.864613880743,-235.96041055718476,-235.96041055718476,-235.96041055718476,-235.96041055718476,0.0,0.0,0.0,0.0,0.0,0.0,False,False,False,False,False,False,False
PT19.662S,2025-05-26T16:46:33.523200,-449.5967741935484,-234.46969696969697,-234.46969696969697,-235.96041055718476,-237.4633431085044,0.0,0.0,0.0,0.0,0.0,0.0,False,False,False,False,False,False,False
PT19.834S,2025-05-26T16:46:33.625920,-449.5967741935484,-235.96041055718476,-235.96041055718476,-237.4633431085044,-235.96041055718476,0.0,0.0,0.0,0.0,0.0,0.0,False,False,False,False,False,False,False
PT20.129S,2025-05-26T16:46:33.823079,-449.5967741935484,-235.96041055718476,-235.96041055718476,-235.96041055718476,-237.4633431085044,0.0,0.0,0.0,0.0,0.0,0.0,False,False,False,False,False,False,False
PT20.301S,2025-05-26T16:46:34.021927,-449.5967741935484,-235.96041055718476,-237.4633431085044,-235.96041055718476,-235.96041055718476,0.0,0.0,0.0,0.0,0.0,0.0,False,False,False,False,False,False,False
PT20.474S,2025-05-26T16:46:34.122923,-412.26783968719457,-235.96041055718476,-237.4633431085044,-237.4633431085044,-235.96041055718476,0.0,0.0,0.0,0.0,0.0,0.0,False,False,False,False,False,False,False
PT20.768S,2025-05-26T16:46:34.328029,-449.5967741935484,-237.4633431085044,-235.96041055718476,-235.96041055718476,-235.96041055718476,0.0,0.0,0.0,0.0,0.0,0.0,False,False,False,False,False,False,False
PT20.941S,2025-05-26T16:46:34.969845,-449.5967741935484,-235.96041055718476,-235.96041055718476,-234.46969696969697,-234.46969696969697,0.0,0.0,0.0,0.0,0.0,0.0,False,False,False,False,False,False,False
PT21.113S,2025-05-26T16:46:35.965399,-449.5967741935484,-235.96041055718476,-235.96041055718476,-235.96041055718476,-235.96041055718476,0.0,0.0,0.0,0.0,0.0,0.0,False,False,False,False,False,False,False
PT21.285S,2025-05-26T16:46:36.965341,-449.5967741935484,-234.46969696969697,-234.46969696969697,-234.46969696969697,-234.46969696969697,0.0,0.0,0.0,0.0,0.0,0.0,False,False,False,False,False,False,False
PT21.457S,2025-05-26T16:46:37.965737,-449.5967741935484,-235.96041055718476,-235.96041055718476,-234.46969696969697,-234.46969696969697,0.0,0.0,0.0,0.0,0.0,0.0,False,False,False,False,False,False,False
PT21.630S,2025-05-26T16:46:38.971001,-486.864613880743,-235.96041055718476,-235.96041055718476,-235.96041055718476,-234.46969696969697,0.0,0.0,0.0,0.0,0.0,0.0,False,False,False,False,False,False,False
PT21.803S,2025-05-26T16:46:39.986254,-449.5967741935484,-234.46969696969697,-235.96041055718476,-235.96041055718476,-235.96041055718476,0.0,0.0,0.0,0.0,0.0,0.0,False,False,False,False,False,False,False
PT21.975S,2025-05-26T16:46:40.371570,-449.5967741935484,-234.46969696969697,-234.46969696969697,-234.46969696969697,-234.46969696969697,0.0,0.0,0.0,0.0,0.0,0.0,False,False,False,False,False,False,False
PT22.147S,2025-05-26T16:46:40.519957,-449.5967741935484,-235.96041055718476,-237.4633431085044,-237.4633431085044,-235.96041055718476,0.0,0.0,0.0,0.0,0.0,0.0,False,False,False,False,False,False,False
PT22.320S,2025-05-26T16:46:40.723078,-449.5967741935484,-234.46969696969697,-234.46969696969697,-234.46969696969697,-234.46969696969697,0.0,0.0,0.0,0.0,0.0,0.0,False,False,False,False,False,False,False
PT22.491S,2025-05-26T16:46:40.925737,-449.5967741935484,-237.4633431085044,-235.96041055718476,-235.96041055718476,-235.96041055718476,0.0,0.0,0.0,0.0,0.0,0.0,False,False,False,False,False,False,False
PT22.664S,2025-05-26T16:46:41.125838,-449.5967741935484,-234.46969696969697,-234.46969696969697,-234.46969696969697,-235.96041055718476,0.0,0.0,0.0,0.0,0.0,0.0,False,False,False,False,False,False,False
PT22.836S,2025-05-26T16:46:41.320378,-486.864613880743,-235.96041055718476,-235.96041055718476,-235.96041055718476,-234.46969696969697,0.0,0.0,0.0,0.0,0.0,0.0,False,False,False,False,False,False,False
PT23.008S,2025-05-26T16:46:41.519966,-486.864613880743,-235.96041055718476,-235.96041055718476,-234.46969696969697,-234.46969696969697,0.0,0.0,0.0,0.0,0.0,0.0,False,False,False,False,False,False,False
PT23.180S,2025-05-26T16:46:41.622355,-449.5967741935484,-234.46969696969697,-235.96041055718476,-235.96041055718476,-237.4633431085044,0.0,0.0,0.0,0.0,0.0,0.0,False,False,False,False,False,False,False
PT23.476S,2025-05-26T16:46:41.823755,-449.5967741935484,-235.96041055718476,-237.4633431085044,-235.96041055718476,-235.96041055718476,0.0,0.0,0.0,0.0,0.0,0.0,False,False,False,False,False,False,False
PT23.647S,2025-05-26T16:46:42.023161,-449.5967741935484,-235.96041055718476,-237.4633431085044,-235.96041055718476,-237.4633431085044,0.0,0.0,0.0,0.0,0.0,0.0,False,False,False,False,False,False,False
PT23.820S,2025-05-26T16:46:42.224583,-486.864613880743,-235.96041055718476,-235.96041055718476,-234.46969696969697,-234.46969696969697,0.0,0.0,0.0,0.0,0.0,0.0,False,False,False,False,False,False,False
PT23.992S,2025-05-26T16:46:42.425422,-486.864613880743,-237.4633431085044,-235.96041055718476,-235.96041055718476,-235.96041055718476,0.0,0.0,0.0,0.0,0.0,0.0,False,False,False,False,False,False,False
PT24.164S,2025-05-26T16:46:42.623315,-449.5967741935484,-234.46969696969697,-234.46969696969697,-234.46969696969697,-234.46969696969697,0.0,0.0,0.0,0.0,0.0,0.0,False,False,False,False,False,False,False
PT24.336S,2025-05-26T16:46:42.824373,-449.5967741935484,-235.96041055718476,-237.4633431085044,-235.96041055718476,-235.96041055718476,0.0,0.0,0.0,0.0,0.0,0.0,False,False,False,False,False,False,False
PT24.509S,2025-05-26T16:46:43.022796,-449.5967741935484,-234.46969696969697,-234.46969696969697,-234.46969696969697,-234.46969696969697,0.0,0.0,0.0,0.0,0.0,0.0,False,False,False,False,False,False,False
PT24.681S,2025-05-26T16:46:43.225258,-412.26783968719457,-237.4633431085044,-237.4633431085044,-237.4633431085044,-235.96041055718476,0.0,0.0,0.0,0.0,0.0,0.0,False,False,False,False,False,False,False
PT24.852S,2025-05-26T16:46:43.422581,-449.5967741935484,-237.4633431085044,-238.95405669599216,-237.4633431085044,-235.96041055718476,0.0,0.0,0.0,0.0,0.0,0.0,False,False,False,False,False,False,False
PT25.024S,2025-05-26T16:46:43.624087,-412.26783968719457,-234.46969696969697,-235.96041055718476,-237.4633431085044,-237.4633431085044,0.0,0.0,0.0,0.0,0.0,0.0,False,False,False,False,False,False,False
PT25.197S,2025-05-26T16:46:43.823362,-449.5967741935484,-237.4633431085044,-235.96041055718476,-237.4633431085044,-235.96041055718476,0.0,0.0,0.0,0.0,0.0,0.0,False,False,False,False,False,False,False
PT25.368S,2025-05-26T16:46:44.026206,-449.5967741935484,-234.46969696969697,-235.96041055718476,-235.96041055718476,-237.4633431085044,0.0,0.0,0.0,0.0,0.0,0.0,False,False,False,False,False,False,False
PT25.541S,2025-05-26T16:46:44.224685,-449.5967741935484,-234.46969696969697,-234.46969696969697,-234.46969696969697,-234.46969696969697,0.0,0.0,0.0,0.0,0.0,0.0,False,False,False,False,False,False,False
PT25.713S,2025-05-26T16:46:44.426397,-449.5967741935484,-234.46969696969697,-234.46969696969697,-234.46969696969697,-234.46969696969697,0.0,0.0,0.0,0.0,0.0,0.0,False,False,False,False,False,False,False
PT25.885S,2025-05-26T16:46:44.622580,-449.5967741935484,-237.4633431085044,-237.4633431085044,-235.96041055718476,-235.96041055718476,0.0,0.0,0.0,0.0,0.0,0.0,False,False,False,False,False,False,False
PT26.057S,2025-05-26T16:46:44.825310,-449.5967741935484,-234.46969696969697,-237.4633431085044,-237.4633431085044,-237.4633431085044,0.0,0.0,0.0,0.0,0.0,0.0,False,False,False,False,False,False,False
PT26.230S,2025-05-26T16:46:45.024132,-449.5967741935484,-234.46969696969697,-234.46969696969697,-234.46969696969697,-234.46969696969697,0.0,0.0,0.0,0.0,0.0,0.0,False,False,False,False,False,False,False
PT26.402S,2025-05-26T16:46:45.224436,-449.5967741935484,-234.46969696969697,-234.46969696969697,-234.46969696969697,-234.46969696969697,0.0,0.0,0.0,0.0,0.0,0.0,False,False,False,False,False,False,False
PT26.574S,2025-05-26T16:46:45.424628,-412.26783968719457,-235.96041055718476,-235.96041055718476,-234.46969696969697,-234.46969696969697,0.0,0.0,0.0,0.0,0.0,0.0,False,False,False,False,False,False,False
PT26.746S,2025-05-26T16:46:45.625210,-486.864613880743,-235.96041055718476,-235.96041055718476,-235.96041055718476,-234.46969696969697,0.0,0.0,0.0,0.0,0.0,0.0,False,False,False,False,False,False,False
PT26.919S,2025-05-26T16:46:45.825726,-449.5967741935484,-234.46969696969697,-235.96041055718476,-235.96041055718476,-235.96041055718476,0.0,0.0,0.0,0.0,0.0,0.0,False,False,False,False,False,False,False
PT27.091S,2025-05-26T16:46:46.021992,-449.5967741935484,-234.46969696969697,-234.46969696969697,-234.46969696969697,-235.96041055718476,0.0,0.0,0.0,0.0,0.0,0.0,False,False,False,False,False,False,False
PT27.264S,2025-05-26T16:46:46.225804,-449.5967741935484,-235.96041055718476,-234.46969696969697,-234.46969696969697,-234.46969696969697,0.0,0.0,0.0,0.0,0.0,0.0,False,False,False,False,False,False,False
PT27.436S,2025-05-26T16:46:46.425635,-449.5967741935484,-234.46969696969697,-234.46969696969697,-234.46969696969697,-234.46969696969697,0.0,0.0,0.0,0.0,0.0,0.0,False,False,False,False,False,False,False
PT27.609S,2025-05-26T16:46:46.625115,-486.864613880743,-237.4633431085044,-235.96041055718476,-235.96041055718476,-234.46969696969697,0.0,0.0,0.0,0.0,0.0,0.0,False,False,False,False,False,False,False
PT27.902S,2025-05-26T16:46:46.825040,-486.864613880743,-235.96041055718476,-235.96041055718476,-235.96041055718476,-234.46969696969697,0.0,0.0,0.0,0.0,0.0,0.0,False,False,False,False,False,False,False
PT28.076S,2025-05-26T16:46:47.024499,-486.864613880743,-235.96041055718476,-235.96041055718476,-234.46969696969697,-235.96041055718476,0.0,0.0,0.0,0.0,0.0,0.0,False,False,False,False,False,False,False
PT28.248S,2025-05-26T16:46:47.226768,-486.864613880743,-237.4633431085044,-235.96041055718476,-234.46969696969697,-235.96041055718476,0.0,0.0,0.0,0.0,0.0,0.0,False,False,False,False,False,False,False
PT28.420S,2025-05-26T16:46:47.322951,-449.5967741935484,-234.46969696969697,-234.46969696969697,-235.96041055718476,-235.96041055718476,0.0,0.0,0.0,0.0,0.0,0.0,False,False,False,False,False,False,False
PT28.592S,2025-05-26T16:46:47.523009,-449.5967741935484,-234.46969696969697,-234.46969696969697,-234.46969696969697,-234.46969696969697,0.0,0.0,0.0,0.0,0.0,0.0,False,False,False,False,False,False,False
PT28.765S,2025-05-26T16:46:47.726338,-449.5967741935484,-234.46969696969697,-234.46969696969697,-234.46969696969697,-234.46969696969697,0.0,0.0,0.0,0.0,0.0,0.0,False,False,False,False,False,False,False
PT28.936S,2025-05-26T16:46:47.919418,-449.5967741935484,-237.4633431085044,-237.4633431085044,-235.96041055718476,-235.96041055718476,0.0,0.0,0.0,0.0,0.0,0.0,False,False,False,False,False,False,False
PT29.109S,2025-05-26T16:46:48.125355,-486.864613880743,-235.96041055718476,-235.96041055718476,-234.46969696969697,-234.46969696969697,0.0,0.0,0.0,0.0,0.0,0.0,False,False,False,False,False,False,False
PT29.281S,2025-05-26T16:46:48.323537,-449.5967741935484,-234.46969696969697,-235.96041055718476,-234.46969696969697,-234.46969696969697,0.0,0.0,0.0,0.0,0.0,0.0,False,False,False,False,False,False,False
PT29.453S,2025-05-26T16:46:48.525950,-449.5967741935484,-235.96041055718476,-237.4633431085044,-235.96041055718476,-237.4633431085044,0.0,0.0,0.0,0.0,0.0,0.0,False,False,False,False,False,False,False
PT29.625S,2025-05-26T16:46:48.725572,-449.5967741935484,-237.4633431085044,-235.96041055718476,-235.96041055718476,-235.96041055718476,0.0,0.0,0.0,0.0,0.0,0.0,False,False,False,False,False,False,False
PT29.798S,2025-05-26T16:46:48.926382,-412.26783968719457,-234.46969696969697,-234.46969696969697,-234.46969696969697,-234.46969696969697,0.0,0.0,0.0,0.0,0.0,0.0,False,False,False,False,False,False,False
PT29.970S,2025-05-26T16:46:49.125025,-412.26783968719457,-235.96041055718476,-237.4633431085044,-237.4633431085044,-237.4633431085044,0.0,0.0,0.0,0.0,0.0,0.0,False,False,False,False,False,False,False
PT30.142S,2025-05-26T16:46:49.322979,-449.5967741935484,-237.4633431085044,-235.96041055718476,-235.96041055718476,-235.96041055718476,0.0,0.0,0.0,0.0,0.0,0.0,False,False,False,False,False,False,False
PT30.314S,2025-05-26T16:46:49.525188,-449.5967741935484,-235.96041055718476,-235.96041055718476,-234.46969696969697,-234.46969696969697,0.0,0.0,0.0,0.0,0.0,0.0,False,False,False,False,False,False,False
PT30.487S,2025-05-26T16:46:49.727486,-412.26783968719457,-235.96041055718476,-237.4633431085044,-237.4633431085044,-237.4633431085044,0.0,0.0,0.0,0.0,0.0,0.0,False,False,False,False,False,False,False
PT30.658S,2025-05-26T16:46:49.923764,-412.26783968719457,-235.96041055718476,-237.4633431085044,-237.4633431085044,-235.96041055718476,0.0,0.0,0.0,0.0,0.0,0.0,False,False,False,False,False,False,False
PT30.831S,2025-05-26T16:46:50.120597,-449.5967741935484,-235.96041055718476,-234.46969696969697,-234.46969696969697,-234.46969696969697,0.0,0.0,0.0,0.0,0.0,0.0,False,False,False,False,False,False,False
PT31.003S,2025-05-26T16:46:50.324188,-449.5967741935484,-234.46969696969697,-234.46969696969697,-234.46969696969697,-234.46969696969697,0.0,0.0,0.0,0.0,0.0,0.0,False,False,False,False,False,False,False
PT31.175S,2025-05-26T16:46:50.523392,-449.5967741935484,-234.46969696969697,-234.46969696969697,-234.46969696969697,-234.46969696969697,0.0,0.0,0.0,0.0,0.0,0.0,False,False,False,False,False,False,False
PT31.347S,2025-05-26T16:46:50.724209,-449.5967741935484,-237.4633431085044,-235.96041055718476,-235.96041055718476,-235.96041055718476,0.0,0.0,0.0,0.0,0.0,0.0,False,False,False,False,False,False,False
PT31.519S,2025-05-26T16:46:50.923245,-449.5967741935484,-238.95405669599216,-237.4633431085044,-235.96041055718476,-234.46969696969697,0.0,0.0,0.0,0.0,0.0,0.0,False,False,False,False,False,False,False
PT31.813S,2025-05-26T16:46:51.123106,-449.5967741935484,-234.46969696969697,-234.46969696969697,-234.46969696969697,-235.96041055718476,0.0,0.0,0.0,0.0,0.0,0.0,False,False,False,False,False,False,False
PT31.986S,2025-05-26T16:46:51.324961,-449.5967741935484,-237.4633431085044,-235.96041055718476,-235.96041055718476,-235.96041055718476,0.0,0.0,0.0,0.0,0.0,0.0,False,False,False,False,False,False,False
PT32.158S,2025-05-26T16:46:51.524852,-449.5967741935484,-234.46969696969697,-234.46969696969697,-234.46969696969697,-234.46969696969697,0.0,0.0,0.0,0.0,0.0,0.0,False,False,False,False,False,False,False
PT32.330S,2025-05-26T16:46:51.721551,-449.5967741935484,-235.96041055718476,-237.4633431085044,-237.4633431085044,-235.96041055718476,0.0,0.0,0.0,0.0,0.0,0.0,False,False,False,False,False,False,False
PT32.502S,2025-05-26T16:46:51.923431,-486.864613880743,-235.96041055718476,-235.96041055718476,-234.46969696969697,-234.46969696969697,0.0,0.0,0.0,0.0,0.0,0.0,False,False,False,False,False,False,False
PT32.675S,2025-05-26T16:46:52.124287,-449.5967741935484,-237.4633431085044,-237.4633431085044,-237.4633431085044,-235.96041055718476,0.0,0.0,0.0,0.0,0.0,0.0,False,False,False,False,False,False,False
PT32.847S,2025-05-26T16:46:52.324940,-449.5967741935484,-234.46969696969697,-235.96041055718476,-234.46969696969697,-234.46969696969697,0.0,0.0,0.0,0.0,0.0,0.0,False,False,False,False,False,False,False
PT33.019S,2025-05-26T16:46:52.525338,-486.864613880743,-235.96041055718476,-235.96041055718476,-234.46969696969697,-234.46969696969697,0.0,0.0,0.0,0.0,0.0,0.0,False,False,False,False,False,False,False
PT33.191S,2025-05-26T16:46:52.725083,-486.864613880743,-235.96041055718476,-235.96041055718476,-235.96041055718476,-235.96041055718476,0.0,0.0,0.0,0.0,0.0,0.0,False,False,False,False,False,False,False
PT33.364S,2025-05-26T16:46:52.918797,-486.864613880743,-235.96041055718476,-235.96041055718476,-235.96041055718476,-234.46969696969697,0.0,0.0,0.0,0.0,0.0,0.0,False,False,False,False,False,False,False
PT33.536S,2025-05-26T16:46:53.125321,-412.26783968719457,-235.96041055718476,-237.4633431085044,-237.4633431085044,-237.4633431085044,0.0,0.0,0.0,0.0,0.0,0.0,False,False,False,False,False,False,False
PT33.709S,2025-05-26T16:46:53.322950,-449.5967741935484,-237.4633431085044,-237.4633431085044,-235.96041055718476,-235.96041055718476,0.0,0.0,0.0,0.0,0.0,0.0,False,False,False,False,False,False,False
PT33.881S,2025-05-26T16:46:53.524638,-449.5967741935484,-235.96041055718476,-237.4633431085044,-235.96041055718476,-235.96041055718476,0.0,0.0,0.0,0.0,0.0,0.0,False,False,False,False,False,False,False
PT34.053S,2025-05-26T16:46:53.724374,-449.5967741935484,-234.46969696969697,-234.46969696969697,-234.46969696969697,-237.4633431085044,0.0,0.0,0.0,0.0,0.0,0.0,False,False,False,False,False,False,False
PT34.225S,2025-05-26T16:46:53.923598,-449.5967741935484,-234.46969696969697,-235.96041055718476,-235.96041055718476,-237.4633431085044,0.0,0.0,0.0,0.0,0.0,0.0,False,False,False,False,False,False,False
PT34.398S,2025-05-26T16:46:54.125508,-449.5967741935484,-234.46969696969697,-235.96041055718476,-234.46969696969697,-234.46969696969697,0.0,0.0,0.0,0.0,0.0,0.0,False,False,False,False,False,False,False
PT34.570S,2025-05-26T16:46:54.325827,-449.5967741935484,-234.46969696969697,-234.46969696969697,-234.46969696969697,-234.46969696969697,0.0,0.0,0.0,0.0,0.0,0.0,False,False,False,False,False,False,False
PT34.742S,2025-05-26T16:46:54.526517,-449.5967741935484,-234.46969696969697,-235.96041055718476,-234.46969696969697,-235.96041055718476,0.0,0.0,0.0,0.0,0.0,0.0,False,False,False,False,False,False,False
PT34.914S,2025-05-26T16:46:54.726264,-486.864613880743,-237.4633431085044,-235.96041055718476,-234.46969696969697,-234.46969696969697,0.0,0.0,0.0,0.0,0.0,0.0,False,False,False,False,False,False,False
PT35.087S,2025-05-26T16:46:54.925379,-412.26783968719457,-234.46969696969697,-235.96041055718476,-235.96041055718476,-235.96041055718476,0.0,0.0,0.0,0.0,0.0,0.0,False,False,False,False,False,False,False
PT35.259S,2025-05-26T16:46:55.125908,-449.5967741935484,-237.4633431085044,-237.4633431085044,-237.4633431085044,-235.96041055718476,0.0,0.0,0.0,0.0,0.0,0.0,False,False,False,False,False,False,False
PT35.431S,2025-05-26T16:46:55.322327,-449.5967741935484,-234.46969696969697,-235.96041055718476,-234.46969696969697,-234.46969696969697,0.0,0.0,0.0,0.0,0.0,0.0,False,False,False,False,False,False,False
PT35.603S,2025-05-26T16:46:55.520767,-449.5967741935484,-234.46969696969697,-234.46969696969697,-234.46969696969697,-235.96041055718476,0.0,0.0,0.0,0.0,0.0,0.0,False,False,False,False,False,False,False
PT35.776S,2025-05-26T16:46:55.721218,-449.5967741935484,-235.96041055718476,-237.4633431085044,-235.96041055718476,-237.4633431085044,0.0,0.0,0.0,0.0,0.0,0.0,False,False,False,False,False,False,False
PT35.947S,2025-05-26T16:46:55.925028,-449.5967741935484,-235.96041055718476,-235.96041055718476,-234.46969696969697,-234.46969696969697,0.0,0.0,0.0,0.0,0.0,0.0,False,False,False,False,False,False,False
PT36.120S,2025-05-26T16:46:56.122747,-486.864613880743,-235.96041055718476,-235.96041055718476,-235.96041055718476,-234.46969696969697,0.0,0.0,0.0,0.0,0.0,0.0,False,False,False,False,False,False,False
PT36.292S,2025-05-26T16:46:56.322225,-486.864613880743,-235.96041055718476,-235.96041055718476,-234.46969696969697,-234.46969696969697,0.0,0.0,0.0,0.0,0.0,0.0,False,False,False,False,False,False,False
PT36.464S,2025-05-26T16:46:56.523046,-449.5967741935484,-234.46969696969697,-234.46969696969697,-234.46969696969697,-234.46969696969697,0.0,0.0,0.0,0.0,0.0,0.0,False,False,False,False,False,False,False
PT36.636S,2025-05-26T16:46:56.724719,-449.5967741935484,-234.46969696969697,-234.46969696969697,-234.46969696969697,-234.46969696969697,0.0,0.0,0.0,0.0,0.0,0.0,False,False,False,False,False,False,False
PT36.809S,2025-05-26T16:46:56.923453,-449.5967741935484,-234.46969696969697,-235.96041055718476,-235.96041055718476,-235.96041055718476,0.0,0.0,0.0,0.0,0.0,0.0,False,False,False,False,False,False,False
PT36.981S,2025-05-26T16:46:57.124935,-449.5967741935484,-234.46969696969697,-234.46969696969697,-235.96041055718476,-235.96041055718476,0.0,0.0,0.0,0.0,0.0,0.0,False,False,False,False,False,False,False
PT37.153S,2025-05-26T16:46:57.322074,-449.5967741935484,-235.96041055718476,-234.46969696969697,-234.46969696969697,-234.46969696969697,0.0,0.0,0.0,0.0,0.0,0.0,False,False,False,False,False,False,False
PT37.325S,2025-05-26T16:46:57.423149,-449.5967741935484,-234.46969696969697,-234.46969696969697,-234.46969696969697,-234.46969696969697,0.0,0.0,0.0,0.0,0.0,0.0,False,False,False,False,False,False,False
PT37.498S,2025-05-26T16:46:57.625825,-449.5967741935484,-237.4633431085044,-235.96041055718476,-235.96041055718476,-235.96041055718476,0.0,0.0,0.0,0.0,0.0,0.0,False,False,False,False,False,False,False
PT37.669S,2025-05-26T16:46:57.827139,-412.26783968719457,-234.46969696969697,-235.96041055718476,-235.96041055718476,-237.4633431085044,0.0,0.0,0.0,0.0,0.0,0.0,False,False,False,False,False,False,False
PT37.842S,2025-05-26T16:46:58.018454,-486.864613880743,-235.96041055718476,-235.96041055718476,-234.46969696969697,-234.46969696969697,0.0,0.0,0.0,0.0,0.0,0.0,False,False,False,False,False,False,False
PT38.014S,2025-05-26T16:46:58.122344,-412.26783968719457,-235.96041055718476,-235.96041055718476,-234.46969696969697,-234.46969696969697,0.0,0.0,0.0,0.0,0.0,0.0,False,False,False,False,False,False,False
PT38.187S,2025-05-26T16:46:58.324322,-486.864613880743,-235.96041055718476,-235.96041055718476,-234.46969696969697,-234.46969696969697,0.0,0.0,0.0,0.0,0.0,0.0,False,False,False,False,False,False,False
PT38.359S,2025-05-26T16:46:58.526087,-449.5967741935484,-234.46969696969697,-234.46969696969697,-234.46969696969697,-234.46969696969697,0.0,0.0,0.0,0.0,0.0,0.0,False,False,False,False,False,False,False
PT38.532S,2025-05-26T16:46:58.725261,-449.5967741935484,-234.46969696969697,-234.46969696969697,-235.96041055718476,-235.96041055718476,0.0,0.0,0.0,0.0,0.0,0.0,False,False,False,False,False,False,False
PT38.704S,2025-05-26T16:46:58.923582,-449.5967741935484,-235.96041055718476,-235.96041055718476,-234.46969696969697,-234.46969696969697,0.0,0.0,0.0,0.0,0.0,0.0,False,False,False,False,False,False,False
PT38.876S,2025-05-26T16:46:59.122722,-449.5967741935484,-234.46969696969697,-234.46969696969697,-234.46969696969697,-234.46969696969697,0.0,0.0,0.0,0.0,0.0,0.0,False,False,False,False,False,False,False
PT39.048S,2025-05-26T16:46:59.223822,-486.864613880743,-235.96041055718476,-235.96041055718476,-235.96041055718476,-234.46969696969697,0.0,0.0,0.0,0.0,0.0,0.0,False,False,False,False,False,False,False
PT39.221S,2025-05-26T16:46:59.425588,-449.5967741935484,-234.46969696969697,-234.46969696969697,-235.96041055718476,-235.96041055718476,0.0,0.0,0.0,0.0,0.0,0.0,False,False,False,False,False,False,False
PT39.392S,2025-05-26T16:46:59.626715,-449.5967741935484,-234.46969696969697,-234.46969696969697,-234.46969696969697,-234.46969696969697,0.0,0.0,0.0,0.0,0.0,0.0,False,False,False,False,False,False,False
PT39.565S,2025-05-26T16:46:59.826627,-449.5967741935484,-234.46969696969697,-234.46969696969697,-234.46969696969697,-234.46969696969697,0.0,0.0,0.0,0.0,0.0,0.0,False,False,False,False,False,False,False
PT39.737S,2025-05-26T16:47:00.024414,-449.5967741935484,-237.4633431085044,-235.96041055718476,-235.96041055718476,-235.96041055718476,0.0,0.0,0.0,0.0,0.0,0.0,False,False,False,False,False,False,False
PT39.909S,2025-05-26T16:47:00.221855,-449.5967741935484,-235.96041055718476,-235.96041055718476,-235.96041055718476,-234.46969696969697,0.0,0.0,0.0,0.0,0.0,0.0,False,False,False,False,False,False,False
PT40.081S,2025-05-26T16:47:00.423425,-449.5967741935484,-234.46969696969697,-234.46969696969697,-234.46969696969697,-234.46969696969697,0.0,0.0,0.0,0.0,0.0,0.0,False,False,False,False,False,False,False
PT40.254S,2025-05-26T16:47:00.623864,-412.26783968719457,-237.4633431085044,-237.4633431085044,-237.4633431085044,-237.4633431085044,0.0,0.0,0.0,0.0,0.0,0.0,False,False,False,False,False,False,False
PT40.426S,2025-05-26T16:47:00.824827,-486.864613880743,-237.4633431085044,-235.96041055718476,-234.46969696969697,-234.46969696969697,0.0,0.0,0.0,0.0,0.0,0.0,False,False,False,False,False,False,False
PT40.598S,2025-05-26T16:47:01.023287,-449.5967741935484,-237.4633431085044,-237.4633431085044,-235.96041055718476,-235.96041055718476,0.0,0.0,0.0,0.0,0.0,0.0,False,False,False,False,False,False,False
PT40.770S,2025-05-26T16:47:01.124102,-486.864613880743,-235.96041055718476,-235.96041055718476,-235.96041055718476,-235.96041055718476,0.0,0.0,0.0,0.0,0.0,0.0,False,False,False,False,False,False,False
PT40.943S,2025-05-26T16:47:01.325705,-449.5967741935484,-235.96041055718476,-234.46969696969697,-234.46969696969697,-234.46969696969697,0.0,0.0,0.0,0.0,0.0,0.0,False,False,False,False,False,False,False
PT41.115S,2025-05-26T16:47:01.521062,-412.26783968719457,-234.46969696969697,-237.4633431085044,-237.4633431085044,-237.4633431085044,0.0,0.0,0.0,0.0,0.0,0.0,False,False,False,False,False,False,False
PT41.287S,2025-05-26T16:47:01.724709,-449.5967741935484,-235.96041055718476,-235.96041055718476,-234.46969696969697,-234.46969696969697,0.0,0.0,0.0,0.0,0.0,0.0,False,False,False,False,False,False,False
PT41.459S,2025-05-26T16:47:01.924198,-486.864613880743,-235.96041055718476,-235.96041055718476,-234.46969696969697,-234.46969696969697,0.0,0.0,0.0,0.0,0.0,0.0,False,False,False,False,False,False,False
PT41.632S,2025-05-26T16:47:02.125766,-412.26783968719457,-235.96041055718476,-237.4633431085044,-237.4633431085044,-237.4633431085044,0.0,0.0,0.0,0.0,0.0,0.0,False,False,False,False,False,False,False
PT41.803S,2025-05-26T16:47:02.326190,-412.26783968719457,-235.96041055718476,-237.4633431085044,-235.96041055718476,-235.96041055718476,0.0,0.0,0.0,0.0,0.0,0.0,False,False,False,False,False,False,False
PT41.976S,2025-05-26T16:47:02.525564,-486.864613880743,-235.96041055718476,-235.96041055718476,-234.46969696969697,-235.96041055718476,0.0,0.0,0.0,0.0,0.0,0.0,False,False,False,False,False,False,False
PT42.148S,2025-05-26T16:47:02.725623,-486.864613880743,-235.96041055718476,-235.96041055718476,-234.46969696969697,-234.46969696969697,0.0,0.0,0.0,0.0,0.0,0.0,False,False,False,False,False,False,False
PT42.320S,2025-05-26T16:47:02.919635,-449.5967741935484,-234.46969696969697,-234.46969696969697,-235.96041055718476,-237.4633431085044,0.0,0.0,0.0,0.0,0.0,0.0,False,False,False,False,False,False,False
PT42.492S,2025-05-26T16:47:03.124839,-449.5967741935484,-237.4633431085044,-235.96041055718476,-235.96041055718476,-234.46969696969697,0.0,0.0,0.0,0.0,0.0,0.0,False,False,False,False,False,False,False
PT42.665S,2025-05-26T16:47:03.325434,-449.5967741935484,-235.96041055718476,-235.96041055718476,-235.96041055718476,-235.96041055718476,0.0,0.0,0.0,0.0,0.0,0.0,False,False,False,False,False,False,False
PT42.838S,2025-05-26T16:47:03.525919,-449.5967741935484,-235.96041055718476,-235.96041055718476,-234.46969696969697,-234.46969696969697,0.0,0.0,0.0,0.0,0.0,0.0,False,False,False,False,False,False,False
PT43.010S,2025-05-26T16:47:03.726333,-486.864613880743,-235.96041055718476,-235.96041055718476,-234.46969696969697,-234.46969696969697,0.0,0.0,0.0,0.0,0.0,0.0,False,False,False,False,False,False,False
PT43.182S,2025-05-26T16:47:03.926447,-486.864613880743,-235.96041055718476,-235.96041055718476,-235.96041055718476,-235.96041055718476,0.0,0.0,0.0,0.0,0.0,0.0,False,False,False,False,False,False,False
PT43.355S,2025-05-26T16:47:04.130017,-449.5967741935484,-235.96041055718476,-235.96041055718476,-235.96041055718476,-237.4633431085044,0.0,0.0,0.0,0.0,0.0,0.0,False,False,False,False,False,False,False
PT43.526S,2025-05-26T16:47:04.323219,-449.5967741935484,-235.96041055718476,-237.4633431085044,-237.4633431085044,-237.4633431085044,0.0,0.0,0.0,0.0,0.0,0.0,False,False,False,False,False,False,False
PT43.699S,2025-05-26T16:47:04.525081,-449.5967741935484,-234.46969696969697,-235.96041055718476,-237.4633431085044,-237.4633431085044,0.0,0.0,0.0,0.0,0.0,0.0,False,False,False,False,False,False,False
PT43.871S,2025-05-26T16:47:04.726242,-449.5967741935484,-234.46969696969697,-235.96041055718476,-234.46969696969697,-234.46969696969697,0.0,0.0,0.0,0.0,0.0,0.0,False,False,False,False,False,False,False
PT44.043S,2025-05-26T16:47:04.925561,-449.5967741935484,-235.96041055718476,-235.96041055718476,-234.46969696969697,-234.46969696969697,0.0,0.0,0.0,0.0,0.0,0.0,False,False,False,False,False,False,False
PT44.215S,2025-05-26T16:47:05.125881,-449.5967741935484,-237.4633431085044,-235.96041055718476,-237.4633431085044,-235.96041055718476,0.0,0.0,0.0,0.0,0.0,0.0,False,False,False,False,False,False,False
PT44.388S,2025-05-26T16:47:05.325784,-449.5967741935484,-235.96041055718476,-235.96041055718476,-235.96041055718476,-235.96041055718476,0.0,0.0,0.0,0.0,0.0,0.0,False,False,False,False,False,False,False
PT44.560S,2025-05-26T16:47:05.524522,-449.5967741935484,-234.46969696969697,-235.96041055718476,-234.46969696969697,-235.96041055718476,0.0,0.0,0.0,0.0,0.0,0.0,False,False,False,False,False,False,False
PT44.732S,2025-05-26T16:47:05.724936,-449.5967741935484,-237.4633431085044,-237.4633431085044,-237.4633431085044,-235.96041055718476,0.0,0.0,0.0,0.0,0.0,0.0,False,False,False,False,False,False,False
PT44.904S,2025-05-26T16:47:05.925109,-412.26783968719457,-234.46969696969697,-235.96041055718476,-235.96041055718476,-235.96041055718476,0.0,0.0,0.0,0.0,0.0,0.0,False,False,False,False,False,False,False
PT45.077S,2025-05-26T16:47:06.121657,-449.5967741935484,-235.96041055718476,-235.96041055718476,-237.4633431085044,-237.4633431085044,0.0,0.0,0.0,0.0,0.0,0.0,False,False,False,False,False,False,False
PT45.248S,2025-05-26T16:47:06.326341,-486.864613880743,-237.4633431085044,-235.96041055718476,-235.96041055718476,-234.46969696969697,0.0,0.0,0.0,0.0,0.0,0.0,False,False,False,False,False,False,False
PT45.421S,2025-05-26T16:47:06.525317,-449.5967741935484,-235.96041055718476,-235.96041055718476,-235.96041055718476,-235.96041055718476,0.0,0.0,0.0,0.0,0.0,0.0,False,False,False,False,False,False,False
PT45.593S,2025-05-26T16:47:06.725000,-449.5967741935484,-237.4633431085044,-237.4633431085044,-235.96041055718476,-235.96041055718476,0.0,0.0,0.0,0.0,0.0,0.0,False,False,False,False,False,False,False
PT45.765S,2025-05-26T16:47:06.925531,-486.864613880743,-235.96041055718476,-235.96041055718476,-235.96041055718476,-234.46969696969697,0.0,0.0,0.0,0.0,0.0,0.0,False,False,False,False,False,False,False
PT45.937S,2025-05-26T16:47:07.128041,-449.5967741935484,-235.96041055718476,-235.96041055718476,-234.46969696969697,-234.46969696969697,0.0,0.0,0.0,0.0,0.0,0.0,False,False,False,False,False,False,False
PT46.110S,2025-05-26T16:47:07.321552,-486.864613880743,-237.4633431085044,-237.4633431085044,-235.96041055718476,-235.96041055718476,0.0,0.0,0.0,0.0,0.0,0.0,False,False,False,False,False,False,False
PT46.282S,2025-05-26T16:47:07.523530,-449.5967741935484,-234.46969696969697,-234.46969696969697,-234.46969696969697,-234.46969696969697,0.0,0.0,0.0,0.0,0.0,0.0,False,False,False,False,False,False,False
PT46.454S,2025-05-26T16:47:07.725168,-486.864613880743,-235.96041055718476,-235.96041055718476,-235.96041055718476,-235.96041055718476,0.0,0.0,0.0,0.0,0.0,0.0,False,False,False,False,False,False,False
PT46.626S,2025-05-26T16:47:07.918537,-449.5967741935484,-235.96041055718476,-235.96041055718476,-235.96041055718476,-234.46969696969697,0.0,0.0,0.0,0.0,0.0,0.0,False,False,False,False,False,False,False
PT46.799S,2025-05-26T16:47:08.019101,-449.5967741935484,-235.96041055718476,-234.46969696969697,-234.46969696969697,-234.46969696969697,0.0,0.0,0.0,0.0,0.0,0.0,False,False,False,False,False,False,False
PT46.970S,2025-05-26T16:47:08.119831,-449.5967741935484,-234.46969696969697,-234.46969696969697,-235.96041055718476,-235.96041055718476,0.0,0.0,0.0,0.0,0.0,0.0,False,False,False,False,False,False,False
PT47.143S,2025-05-26T16:47:08.221450,-449.5967741935484,-235.96041055718476,-237.4633431085044,-237.4633431085044,-237.4633431085044,0.0,0.0,0.0,0.0,0.0,0.0,False,False,False,False,False,False,False
PT47.315S,2025-05-26T16:47:08.422352,-449.5967741935484,-234.46969696969697,-234.46969696969697,-234.46969696969697,-234.46969696969697,0.0,0.0,0.0,0.0,0.0,0.0,False,False,False,False,False,False,False
PT47.488S,2025-05-26T16:47:08.624511,-449.5967741935484,-235.96041055718476,-237.4633431085044,-235.96041055718476,-235.96041055718476,0.0,0.0,0.0,0.0,0.0,0.0,False,False,False,False,False,False,False
PT47.660S,2025-05-26T16:47:08.824550,-449.5967741935484,-237.4633431085044,-235.96041055718476,-235.96041055718476,-235.96041055718476,0.0,0.0,0.0,0.0,0.0,0.0,False,False,False,False,False,False,False
PT47.833S,2025-05-26T16:47:09.023887,-449.5967741935484,-234.46969696969697,-234.46969696969697,-234.46969696969697,-234.46969696969697,0.0,0.0,0.0,0.0,0.0,0.0,False,False,False,False,False,False,False
PT48.005S,2025-05-26T16:47:09.221609,-449.5967741935484,-234.46969696969697,-234.46969696969697,-234.46969696969697,-234.46969696969697,0.0,0.0,0.0,0.0,0.0,0.0,False,False,False,False,False,False,False
PT48.177S,2025-05-26T16:47:09.421547,-449.5967741935484,-237.4633431085044,-237.4633431085044,-235.96041055718476,-235.96041055718476,0.0,0.0,0.0,0.0,0.0,0.0,False,False,False,False,False,False,False
PT48.349S,2025-05-26T16:47:09.624229,-449.5967741935484,-234.46969696969697,-234.46969696969697,-234.46969696969697,-234.46969696969697,0.0,0.0,0.0,0.0,0.0,0.0,False,False,False,False,False,False,False
PT48.522S,2025-05-26T16:47:09.828427,-412.26783968719457,-237.4633431085044,-237.4633431085044,-237.4633431085044,-235.96041055718476,0.0,0.0,0.0,0.0,0.0,0.0,False,False,False,False,False,False,False
PT48.694S,2025-05-26T16:47:10.023002,-449.5967741935484,-235.96041055718476,-235.96041055718476,-234.46969696969697,-234.46969696969697,0.0,0.0,0.0,0.0,0.0,0.0,False,False,False,False,False,False,False
PT48.866S,2025-05-26T16:47:10.223609,-449.5967741935484,-235.96041055718476,-234.46969696969697,-234.46969696969697,-237.4633431085044,0.0,0.0,0.0,0.0,0.0,0.0,False,False,False,False,False,False,False
PT49.038S,2025-05-26T16:47:10.427854,-449.5967741935484,-234.46969696969697,-235.96041055718476,-235.96041055718476,-237.4633431085044,0.0,0.0,0.0,0.0,0.0,0.0,False,False,False,False,False,False,False
PT49.211S,2025-05-26T16:47:10.626253,-486.864613880743,-237.4633431085044,-235.96041055718476,-235.96041055718476,-234.46969696969697,0.0,0.0,0.0,0.0,0.0,0.0,False,False,False,False,False,False,False
PT49.382S,2025-05-26T16:47:10.825379,-486.864613880743,-235.96041055718476,-235.96041055718476,-235.96041055718476,-235.96041055718476,0.0,0.0,0.0,0.0,0.0,0.0,False,False,False,False,False,False,False
PT49.555S,2025-05-26T16:47:11.025078,-449.5967741935484,-234.46969696969697,-234.46969696969697,-234.46969696969697,-234.46969696969697,0.0,0.0,0.0,0.0,0.0,0.0,False,False,False,False,False,False,False
PT49.727S,2025-05-26T16:47:11.223581,-449.5967741935484,-235.96041055718476,-235.96041055718476,-234.46969696969697,-234.46969696969697,0.0,0.0,0.0,0.0,0.0,0.0,False,False,False,False,False,False,False
PT49.899S,2025-05-26T16:47:11.420420,-449.5967741935484,-234.46969696969697,-234.46969696969697,-234.46969696969697,-234.46969696969697,0.0,0.0,0.0,0.0,0.0,0.0,False,False,False,False,False,False,False
PT50.071S,2025-05-26T16:47:11.520494,-449.5967741935484,-235.96041055718476,-234.46969696969697,-234.46969696969697,-234.46969696969697,0.0,0.0,0.0,0.0,0.0,0.0,False,False,False,False,False,False,False
PT50.244S,2025-05-26T16:47:11.621155,-449.5967741935484,-234.46969696969697,-235.96041055718476,-234.46969696969697,-234.46969696969697,0.0,0.0,0.0,0.0,0.0,0.0,False,False,False,False,False,False,False
PT50.416S,2025-05-26T16:47:11.824879,-449.5967741935484,-234.46969696969697,-235.96041055718476,-234.46969696969697,-234.46969696969697,0.0,0.0,0.0,0.0,0.0,0.0,False,False,False,False,False,False,False
PT50.588S,2025-05-26T16:47:12.023979,-449.5967741935484,-235.96041055718476,-235.96041055718476,-234.46969696969697,-234.46969696969697,0.0,0.0,0.0,0.0,0.0,0.0,False,False,False,False,False,False,False
PT50.760S,2025-05-26T16:47:12.224307,-412.26783968719457,-235.96041055718476,-237.4633431085044,-237.4633431085044,-235.96041055718476,0.0,0.0,0.0,0.0,0.0,0.0,False,False,False,False,False,False,False
PT50.933S,2025-05-26T16:47:12.428069,-449.5967741935484,-237.4633431085044,-237.4633431085044,-235.96041055718476,-235.96041055718476,0.0,0.0,0.0,0.0,0.0,0.0,False,False,False,False,False,False,False
PT51.104S,2025-05-26T16:47:12.622228,-449.5967741935484,-237.4633431085044,-237.4633431085044,-235.96041055718476,-234.46969696969697,0.0,0.0,0.0,0.0,0.0,0.0,False,False,False,False,False,False,False
PT51.277S,2025-05-26T16:47:12.823857,-449.5967741935484,-234.46969696969697,-234.46969696969697,-234.46969696969697,-234.46969696969697,0.0,0.0,0.0,0.0,0.0,0.0,False,False,False,False,False,False,False
PT51.449S,2025-05-26T16:47:13.020153,-449.5967741935484,-234.46969696969697,-235.96041055718476,-237.4633431085044,-237.4633431085044,0.0,0.0,0.0,0.0,0.0,0.0,False,False,False,False,False,False,False
PT51.621S,2025-05-26T16:47:13.122767,-449.5967741935484,-234.46969696969697,-234.46969696969697,-235.96041055718476,-235.96041055718476,0.0,0.0,0.0,0.0,0.0,0.0,False,False,False,False,False,False,False
PT51.793S,2025-05-26T16:47:13.325041,-449.5967741935484,-235.96041055718476,-235.96041055718476,-234.46969696969697,-234.46969696969697,0.0,0.0,0.0,0.0,0.0,0.0,False,False,False,False,False,False,False
PT51.966S,2025-05-26T16:47:13.524474,-449.5967741935484,-235.96041055718476,-237.4633431085044,-237.4633431085044,-235.96041055718476,0.0,0.0,0.0,0.0,0.0,0.0,False,False,False,False,False,False,False
PT52.139S,2025-05-26T16:47:13.721960,-486.864613880743,-237.4633431085044,-235.96041055718476,-235.96041055718476,-235.96041055718476,0.0,0.0,0.0,0.0,0.0,0.0,False,False,False,False,False,False,False
PT52.311S,2025-05-26T16:47:13.924042,-412.26783968719457,-234.46969696969697,-235.96041055718476,-237.4633431085044,-235.96041055718476,0.0,0.0,0.0,0.0,0.0,0.0,False,False,False,False,False,False,False
PT52.483S,2025-05-26T16:47:14.119263,-449.5967741935484,-234.46969696969697,-234.46969696969697,-234.46969696969697,-234.46969696969697,0.0,0.0,0.0,0.0,0.0,0.0,False,False,False,False,False,False,False
PT52.656S,2025-05-26T16:47:14.325413,-449.5967741935484,-234.46969696969697,-234.46969696969697,-234.46969696969697,-235.96041055718476,0.0,0.0,0.0,0.0,0.0,0.0,False,False,False,False,False,False,False
PT52.827S,2025-05-26T16:47:14.523495,-412.26783968719457,-234.46969696969697,-235.96041055718476,-234.46969696969697,-234.46969696969697,0.0,0.0,0.0,0.0,0.0,0.0,False,False,False,False,False,False,False
PT53.000S,2025-05-26T16:47:14.724496,-449.5967741935484,-234.46969696969697,-235.96041055718476,-237.4633431085044,-237.4633431085044,0.0,0.0,0.0,0.0,0.0,0.0,False,False,False,False,False,False,False
PT53.172S,2025-05-26T16:47:14.922751,-449.5967741935484,-237.4633431085044,-237.4633431085044,-235.96041055718476,-235.96041055718476,0.0,0.0,0.0,0.0,0.0,0.0,False,False,False,False,False,False,False
PT53.344S,2025-05-26T16:47:15.122507,-449.5967741935484,-237.4633431085044,-235.96041055718476,-235.96041055718476,-235.96041055718476,0.0,0.0,0.0,0.0,0.0,0.0,False,False,False,False,False,False,False
PT53.516S,2025-05-26T16:47:15.325043,-449.5967741935484,-234.46969696969697,-235.96041055718476,-235.96041055718476,-237.4633431085044,0.0,0.0,0.0,0.0,0.0,0.0,False,False,False,False,False,False,False
PT53.689S,2025-05-26T16:47:15.524035,-486.864613880743,-235.96041055718476,-235.96041055718476,-234.46969696969697,-234.46969696969697,0.0,0.0,0.0,0.0,0.0,0.0,False,False,False,False,False,False,False
PT53.861S,2025-05-26T16:47:15.724812,-449.5967741935484,-237.4633431085044,-237.4633431085044,-235.96041055718476,-235.96041055718476,0.0,0.0,0.0,0.0,0.0,0.0,False,False,False,False,False,False,False
PT54.033S,2025-05-26T16:47:15.925281,-449.5967741935484,-234.46969696969697,-235.96041055718476,-235.96041055718476,-235.96041055718476,0.0,0.0,0.0,0.0,0.0,0.0,False,False,False,False,False,False,False
PT54.205S,2025-05-26T16:47:16.125489,-486.864613880743,-235.96041055718476,-235.96041055718476,-234.46969696969697,-234.46969696969697,0.0,0.0,0.0,0.0,0.0,0.0,False,False,False,False,False,False,False
PT54.378S,2025-05-26T16:47:16.325531,-449.5967741935484,-235.96041055718476,-235.96041055718476,-234.46969696969697,-234.46969696969697,0.0,0.0,0.0,0.0,0.0,0.0,False,False,False,False,False,False,False
PT54.550S,2025-05-26T16:47:16.520637,-486.864613880743,-235.96041055718476,-235.96041055718476,-235.96041055718476,-235.96041055718476,0.0,0.0,0.0,0.0,0.0,0.0,False,False,False,False,False,False,False
PT54.722S,2025-05-26T16:47:16.621561,-449.5967741935484,-237.4633431085044,-235.96041055718476,-235.96041055718476,-235.96041055718476,0.0,0.0,0.0,0.0,0.0,0.0,False,False,False,False,False,False,False
PT54.894S,2025-05-26T16:47:16.823316,-449.5967741935484,-234.46969696969697,-235.96041055718476,-235.96041055718476,-235.96041055718476,0.0,0.0,0.0,0.0,0.0,0.0,False,False,False,False,False,False,False
PT55.067S,2025-05-26T16:47:17.024992,-486.864613880743,-237.4633431085044,-235.96041055718476,-235.96041055718476,-234.46969696969697,0.0,0.0,0.0,0.0,0.0,0.0,False,False,False,False,False,False,False
PT55.238S,2025-05-26T16:47:17.225452,-412.26783968719457,-237.4633431085044,-237.4633431085044,-235.96041055718476,-235.96041055718476,0.0,0.0,0.0,0.0,0.0,0.0,False,False,False,False,False,False,False
PT55.411S,2025-05-26T16:47:17.425140,-449.5967741935484,-234.46969696969697,-234.46969696969697,-234.46969696969697,-234.46969696969697,0.0,0.0,0.0,0.0,0.0,0.0,False,False,False,False,False,False,False
PT55.583S,2025-05-26T16:47:17.625782,-449.5967741935484,-235.96041055718476,-235.96041055718476,-235.96041055718476,-235.96041055718476,0.0,0.0,0.0,0.0,0.0,0.0,False,False,False,False,False,False,False
PT55.755S,2025-05-26T16:47:17.822873,-449.5967741935484,-235.96041055718476,-235.96041055718476,-234.46969696969697,-234.46969696969697,0.0,0.0,0.0,0.0,0.0,0.0,False,False,False,False,False,False,False
PT55.927S,2025-05-26T16:47:18.021227,-449.5967741935484,-235.96041055718476,-234.46969696969697,-234.46969696969697,-234.46969696969697,0.0,0.0,0.0,0.0,0.0,0.0,False,False,False,False,False,False,False
PT56.100S,2025-05-26T16:47:18.223522,-486.864613880743,-235.96041055718476,-235.96041055718476,-235.96041055718476,-234.46969696969697,0.0,0.0,0.0,0.0,0.0,0.0,False,False,False,False,False,False,False
PT56.272S,2025-05-26T16:47:18.421798,-449.5967741935484,-235.96041055718476,-235.96041055718476,-234.46969696969697,-234.46969696969697,0.0,0.0,0.0,0.0,0.0,0.0,False,False,False,False,False,False,False
PT56.444S,2025-05-26T16:47:18.624967,-449.5967741935484,-235.96041055718476,-235.96041055718476,-234.46969696969697,-235.96041055718476,0.0,0.0,0.0,0.0,0.0,0.0,False,False,False,False,False,False,False
PT56.616S,2025-05-26T16:47:18.824508,-486.864613880743,-235.96041055718476,-235.96041055718476,-235.96041055718476,-234.46969696969697,0.0,0.0,0.0,0.0,0.0,0.0,False,False,False,False,False,False,False
PT56.790S,2025-05-26T16:47:19.025030,-449.5967741935484,-237.4633431085044,-237.4633431085044,-235.96041055718476,-235.96041055718476,0.0,0.0,0.0,0.0,0.0,0.0,False,False,False,False,False,False,False
PT56.961S,2025-05-26T16:47:19.221323,-449.5967741935484,-235.96041055718476,-235.96041055718476,-234.46969696969697,-234.46969696969697,0.0,0.0,0.0,0.0,0.0,0.0,False,False,False,False,False,False,False
PT57.134S,2025-05-26T16:47:19.423035,-449.5967741935484,-235.96041055718476,-235.96041055718476,-234.46969696969697,-234.46969696969697,0.0,0.0,0.0,0.0,0.0,0.0,False,False,False,False,False,False,False
PT57.306S,2025-05-26T16:47:19.625346,-486.864613880743,-235.96041055718476,-235.96041055718476,-234.46969696969697,-234.46969696969697,0.0,0.0,0.0,0.0,0.0,0.0,False,False,False,False,False,False,False
PT57.477S,2025-05-26T16:47:19.824025,-449.5967741935484,-237.4633431085044,-238.95405669599216,-237.4633431085044,-235.96041055718476,0.0,0.0,0.0,0.0,0.0,0.0,False,False,False,False,False,False,False
PT57.649S,2025-05-26T16:47:20.024629,-412.26783968719457,-235.96041055718476,-234.46969696969697,-234.46969696969697,-234.46969696969697,0.0,0.0,0.0,0.0,0.0,0.0,False,False,False,False,False,False,False
PT57.822S,2025-05-26T16:47:20.224982,-486.864613880743,-235.96041055718476,-235.96041055718476,-235.96041055718476,-234.46969696969697,0.0,0.0,0.0,0.0,0.0,0.0,False,False,False,False,False,False,False
PT57.994S,2025-05-26T16:47:20.425226,-449.5967741935484,-234.46969696969697,-234.46969696969697,-234.46969696969697,-234.46969696969697,0.0,0.0,0.0,0.0,0.0,0.0,False,False,False,False,False,False,False
PT58.166S,2025-05-26T16:47:20.621275,-449.5967741935484,-234.46969696969697,-235.96041055718476,-235.96041055718476,-234.46969696969697,0.0,0.0,0.0,0.0,0.0,0.0,False,False,False,False,False,False,False
PT58.338S,2025-05-26T16:47:20.822987,-449.5967741935484,-234.46969696969697,-234.46969696969697,-235.96041055718476,-234.46969696969697,0.0,0.0,0.0,0.0,0.0,0.0,False,False,False,False,False,False,False
PT58.511S,2025-05-26T16:47:21.023824,-486.864613880743,-235.96041055718476,-235.96041055718476,-234.46969696969697,-235.96041055718476,0.0,0.0,0.0,0.0,0.0,0.0,False,False,False,False,False,False,False
PT58.682S,2025-05-26T16:47:21.223440,-449.5967741935484,-234.46969696969697,-235.96041055718476,-235.96041055718476,-235.96041055718476,0.0,0.0,0.0,0.0,0.0,0.0,False,False,False,False,False,False,False
PT58.855S,2025-05-26T16:47:21.424441,-449.5967741935484,-234.46969696969697,-235.96041055718476,-234.46969696969697,-234.46969696969697,0.0,0.0,0.0,0.0,0.0,0.0,False,False,False,False,False,False,False
PT59.027S,2025-05-26T16:47:21.621365,-449.5967741935484,-234.46969696969697,-234.46969696969697,-234.46969696969697,-234.46969696969697,0.0,0.0,0.0,0.0,0.0,0.0,False,False,False,False,False,False,False
PT59.199S,2025-05-26T16:47:21.826181,-449.5967741935484,-234.46969696969697,-235.96041055718476,-235.96041055718476,-235.96041055718476,0.0,0.0,0.0,0.0,0.0,0.0,False,False,False,False,False,False,False
PT59.371S,2025-05-26T16:47:22.023501,-449.5967741935484,-235.96041055718476,-237.4633431085044,-235.96041055718476,-235.96041055718476,0.0,0.0,0.0,0.0,0.0,0.0,False,False,False,False,False,False,False
PT59.544S,2025-05-26T16:47:22.224173,-449.5967741935484,-234.46969696969697,-234.46969696969697,-234.46969696969697,-234.46969696969697,0.0,0.0,0.0,0.0,0.0,0.0,False,False,False,False,False,False,False
PT59.716S,2025-05-26T16:47:22.425933,-449.5967741935484,-235.96041055718476,-234.46969696969697,-235.96041055718476,-235.96041055718476,0.0,0.0,0.0,0.0,0.0,0.0,False,False,False,False,False,False,False
PT59.888S,2025-05-26T16:47:22.624870,-449.5967741935484,-234.46969696969697,-235.96041055718476,-237.4633431085044,-237.4633431085044,0.0,0.0,0.0,0.0,0.0,0.0,False,False,False,False,False,False,False
PT60.060S,2025-05-26T16:47:22.829130,-449.5967741935484,-235.96041055718476,-234.46969696969697,-234.46969696969697,-234.46969696969697,0.0,0.0,0.0,0.0,0.0,0.0,False,False,False,False,False,False,False
PT60.233S,2025-05-26T16:47:23.032946,-412.26783968719457,-235.96041055718476,-235.96041055718476,-237.4633431085044,-235.96041055718476,0.0,0.0,0.0,0.0,0.0,0.0,False,False,False,False,False,False,False
PT60.404S,2025-05-26T16:47:23.225863,-486.864613880743,-235.96041055718476,-234.46969696969697,-234.46969696969697,-234.46969696969697,0.0,0.0,0.0,0.0,0.0,0.0,False,False,False,False,False,False,False
PT60.577S,2025-05-26T16:47:23.422286,-486.864613880743,-237.4633431085044,-235.96041055718476,-235.96041055718476,-234.46969696969697,0.0,0.0,0.0,0.0,0.0,0.0,False,False,False,False,False,False,False
PT60.749S,2025-05-26T16:47:23.626192,-449.5967741935484,-234.46969696969697,-235.96041055718476,-234.46969696969697,-234.46969696969697,0.0,0.0,0.0,0.0,0.0,0.0,False,False,False,False,False,False,False
PT60.921S,2025-05-26T16:47:23.825328,-449.5967741935484,-235.96041055718476,-235.96041055718476,-234.46969696969697,-234.46969696969697,0.0,0.0,0.0,0.0,0.0,0.0,False,False,False,False,False,False,False
PT61.093S,2025-05-26T16:47:24.021828,-449.5967741935484,-235.96041055718476,-235.96041055718476,-235.96041055718476,-234.46969696969697,0.0,0.0,0.0,0.0,0.0,0.0,False,False,False,False,False,False,False
PT61.266S,2025-05-26T16:47:24.225679,-449.5967741935484,-234.46969696969697,-235.96041055718476,-234.46969696969697,-237.4633431085044,0.0,0.0,0.0,0.0,0.0,0.0,False,False,False,False,False,False,False
PT61.438S,2025-05-26T16:47:24.425350,-449.5967741935484,-234.46969696969697,-235.96041055718476,-234.46969696969697,-234.46969696969697,0.0,0.0,0.0,0.0,0.0,0.0,False,False,False,False,False,False,False
PT61.611S,2025-05-26T16:47:24.625446,-486.864613880743,-235.96041055718476,-235.96041055718476,-235.96041055718476,-234.46969696969697,0.0,0.0,0.0,0.0,0.0,0.0,False,False,False,False,False,False,False
PT61.783S,2025-05-26T16:47:24.822734,-449.5967741935484,-234.46969696969697,-235.96041055718476,-235.96041055718476,-235.96041055718476,0.0,0.0,0.0,0.0,0.0,0.0,False,False,False,False,False,False,False
PT61.956S,2025-05-26T16:47:25.024533,-449.5967741935484,-237.4633431085044,-237.4633431085044,-237.4633431085044,-234.46969696969697,0.0,0.0,0.0,0.0,0.0,0.0,False,False,False,False,False,False,False
PT62.128S,2025-05-26T16:47:25.225147,-412.26783968719457,-234.46969696969697,-234.46969696969697,-234.46969696969697,-237.4633431085044,0.0,0.0,0.0,0.0,0.0,0.0,False,False,False,False,False,False,False
PT62.300S,2025-05-26T16:47:25.424439,-449.5967741935484,-237.4633431085044,-237.4633431085044,-237.4633431085044,-235.96041055718476,0.0,0.0,0.0,0.0,0.0,0.0,False,False,False,False,False,False,False
PT62.472S,2025-05-26T16:47:25.624877,-449.5967741935484,-235.96041055718476,-235.96041055718476,-234.46969696969697,-234.46969696969697,0.0,0.0,0.0,0.0,0.0,0.0,False,False,False,False,False,False,False
PT62.645S,2025-05-26T16:47:25.821330,-449.5967741935484,-235.96041055718476,-235.96041055718476,-234.46969696969697,-235.96041055718476,0.0,0.0,0.0,0.0,0.0,0.0,False,False,False,False,False,False,False
PT62.816S,2025-05-26T16:47:26.024497,-449.5967741935484,-235.96041055718476,-235.96041055718476,-237.4633431085044,-237.4633431085044,0.0,0.0,0.0,0.0,0.0,0.0,False,False,False,False,False,False,False
PT62.989S,2025-05-26T16:47:26.226208,-449.5967741935484,-234.46969696969697,-235.96041055718476,-234.46969696969697,-234.46969696969697,0.0,0.0,0.0,0.0,0.0,0.0,False,False,False,False,False,False,False
PT63.161S,2025-05-26T16:47:26.425263,-449.5967741935484,-235.96041055718476,-237.4633431085044,-237.4633431085044,-237.4633431085044,0.0,0.0,0.0,0.0,0.0,0.0,False,False,False,False,False,False,False
PT63.333S,2025-05-26T16:47:26.624740,-449.5967741935484,-235.96041055718476,-235.96041055718476,-235.96041055718476,-235.96041055718476,0.0,0.0,0.0,0.0,0.0,0.0,False,False,False,False,False,False,False
PT63.505S,2025-05-26T16:47:26.823843,-449.5967741935484,-234.46969696969697,-235.96041055718476,-237.4633431085044,-235.96041055718476,0.0,0.0,0.0,0.0,0.0,0.0,False,False,False,False,False,False,False
PT63.678S,2025-05-26T16:47:27.024012,-449.5967741935484,-234.46969696969697,-234.46969696969697,-234.46969696969697,-234.46969696969697,0.0,0.0,0.0,0.0,0.0,0.0,False,False,False,False,False,False,False
PT63.850S,2025-05-26T16:47:27.225644,-449.5967741935484,-234.46969696969697,-235.96041055718476,-235.96041055718476,-237.4633431085044,0.0,0.0,0.0,0.0,0.0,0.0,False,False,False,False,False,False,False
PT64.022S,2025-05-26T16:47:27.421241,-486.864613880743,-235.96041055718476,-237.4633431085044,-235.96041055718476,-235.96041055718476,0.0,0.0,0.0,0.0,0.0,0.0,False,False,False,False,False,False,False
PT64.194S,2025-05-26T16:47:27.624336,-486.864613880743,-235.96041055718476,-235.96041055718476,-235.96041055718476,-234.46969696969697,0.0,0.0,0.0,0.0,0.0,0.0,False,False,False,False,False,False,False
PT64.367S,2025-05-26T16:47:27.825319,-486.864613880743,-235.96041055718476,-235.96041055718476,-235.96041055718476,-234.46969696969697,0.0,0.0,0.0,0.0,0.0,0.0,False,False,False,False,False,False,False
PT64.538S,2025-05-26T16:47:28.019731,-449.5967741935484,-237.4633431085044,-237.4633431085044,-237.4633431085044,-235.96041055718476,0.0,0.0,0.0,0.0,0.0,0.0,False,False,False,False,False,False,False
PT64.711S,2025-05-26T16:47:28.121926,-486.864613880743,-235.96041055718476,-235.96041055718476,-235.96041055718476,-234.46969696969697,0.0,0.0,0.0,0.0,0.0,0.0,False,False,False,False,False,False,False
PT64.883S,2025-05-26T16:47:28.325103,-449.5967741935484,-234.46969696969697,-234.46969696969697,-234.46969696969697,-234.46969696969697,0.0,0.0,0.0,0.0,0.0,0.0,False,False,False,False,False,False,False
PT65.055S,2025-05-26T16:47:28.525973,-449.5967741935484,-234.46969696969697,-237.4633431085044,-235.96041055718476,-235.96041055718476,0.0,0.0,0.0,0.0,0.0,0.0,False,False,False,False,False,False,False
PT65.227S,2025-05-26T16:47:28.721058,-449.5967741935484,-234.46969696969697,-234.46969696969697,-234.46969696969697,-234.46969696969697,0.0,0.0,0.0,0.0,0.0,0.0,False,False,False,False,False,False,False
PT65.400S,2025-05-26T16:47:28.923691,-449.5967741935484,-235.96041055718476,-237.4633431085044,-235.96041055718476,-235.96041055718476,0.0,0.0,0.0,0.0,0.0,0.0,False,False,False,False,False,False,False
PT65.572S,2025-05-26T16:47:29.127225,-449.5967741935484,-234.46969696969697,-237.4633431085044,-237.4633431085044,-237.4633431085044,0.0,0.0,0.0,0.0,0.0,0.0,False,False,False,False,False,False,False
PT65.744S,2025-05-26T16:47:29.326529,-449.5967741935484,-237.4633431085044,-237.4633431085044,-235.96041055718476,-235.96041055718476,0.0,0.0,0.0,0.0,0.0,0.0,False,False,False,False,False,False,False
PT65.916S,2025-05-26T16:47:29.523985,-412.26783968719457,-235.96041055718476,-237.4633431085044,-237.4633431085044,-237.4633431085044,0.0,0.0,0.0,0.0,0.0,0.0,False,False,False,False,False,False,False
PT66.089S,2025-05-26T16:47:29.724535,-449.5967741935484,-237.4633431085044,-237.4633431085044,-237.4633431085044,-235.96041055718476,0.0,0.0,0.0,0.0,0.0,0.0,False,False,False,False,False,False,False
PT66.260S,2025-05-26T16:47:29.923060,-449.5967741935484,-235.96041055718476,-234.46969696969697,-234.46969696969697,-234.46969696969697,0.0,0.0,0.0,0.0,0.0,0.0,False,False,False,False,False,False,False
PT66.434S,2025-05-26T16:47:30.121778,-449.5967741935484,-237.4633431085044,-235.96041055718476,-235.96041055718476,-234.46969696969697,0.0,0.0,0.0,0.0,0.0,0.0,False,False,False,False,False,False,False
PT66.606S,2025-05-26T16:47:30.321782,-449.5967741935484,-234.46969696969697,-237.4633431085044,-235.96041055718476,-235.96041055718476,0.0,0.0,0.0,0.0,0.0,0.0,False,False,False,False,False,False,False
PT66.778S,2025-05-26T16:47:30.524083,-449.5967741935484,-234.46969696969697,-235.96041055718476,-235.96041055718476,-235.96041055718476,0.0,0.0,0.0,0.0,0.0,0.0,False,False,False,False,False,False,False
PT66.950S,2025-05-26T16:47:30.725378,-486.864613880743,-235.96041055718476,-235.96041055718476,-234.46969696969697,-234.46969696969697,0.0,0.0,0.0,0.0,0.0,0.0,False,False,False,False,False,False,False
PT67.123S,2025-05-26T16:47:30.924385,-449.5967741935484,-235.96041055718476,-237.4633431085044,-237.4633431085044,-237.4633431085044,0.0,0.0,0.0,0.0,0.0,0.0,False,False,False,False,False,False,False
PT67.295S,2025-05-26T16:47:31.122787,-449.5967741935484,-234.46969696969697,-235.96041055718476,-235.96041055718476,-235.96041055718476,0.0,0.0,0.0,0.0,0.0,0.0,False,False,False,False,False,False,False
PT67.467S,2025-05-26T16:47:31.325876,-449.5967741935484,-234.46969696969697,-234.46969696969697,-234.46969696969697,-234.46969696969697,0.0,0.0,0.0,0.0,0.0,0.0,False,False,False,False,False,False,False
PT67.639S,2025-05-26T16:47:31.524279,-449.5967741935484,-234.46969696969697,-234.46969696969697,-234.46969696969697,-237.4633431085044,0.0,0.0,0.0,0.0,0.0,0.0,False,False,False,False,False,False,False
PT67.812S,2025-05-26T16:47:31.724302,-449.5967741935484,-235.96041055718476,-235.96041055718476,-234.46969696969697,-234.46969696969697,0.0,0.0,0.0,0.0,0.0,0.0,False,False,False,False,False,False,False
PT67.983S,2025-05-26T16:47:31.920228,-449.5967741935484,-235.96041055718476,-234.46969696969697,-234.46969696969697,-234.46969696969697,0.0,0.0,0.0,0.0,0.0,0.0,False,False,False,False,False,False,False
PT68.156S,2025-05-26T16:47:32.020536,-449.5967741935484,-234.46969696969697,-235.96041055718476,-234.46969696969697,-235.96041055718476,0.0,0.0,0.0,0.0,0.0,0.0,False,False,False,False,False,False,False
PT68.328S,2025-05-26T16:47:32.120564,-449.5967741935484,-234.46969696969697,-235.96041055718476,-234.46969696969697,-234.46969696969697,0.0,0.0,0.0,0.0,0.0,0.0,False,False,False,False,False,False,False
PT68.500S,2025-05-26T16:47:32.221606,-412.26783968719457,-234.46969696969697,-234.46969696969697,-234.46969696969697,-234.46969696969697,0.0,0.0,0.0,0.0,0.0,0.0,False,False,False,False,False,False,False
PT68.672S,2025-05-26T16:47:32.420788,-449.5967741935484,-237.4633431085044,-237.4633431085044,-237.4633431085044,-235.96041055718476,0.0,0.0,0.0,0.0,0.0,0.0,False,False,False,False,False,False,False
PT68.845S,2025-05-26T16:47:32.520646,-486.864613880743,-237.4633431085044,-237.4633431085044,-235.96041055718476,-234.46969696969697,0.0,0.0,0.0,0.0,0.0,0.0,False,False,False,False,False,False,False
PT69.017S,2025-05-26T16:47:32.722816,-412.26783968719457,-235.96041055718476,-235.96041055718476,-234.46969696969697,-234.46969696969697,0.0,0.0,0.0,0.0,0.0,0.0,False,False,False,False,False,False,False
PT69.189S,2025-05-26T16:47:32.918215,-449.5967741935484,-234.46969696969697,-235.96041055718476,-234.46969696969697,-234.46969696969697,0.0,0.0,0.0,0.0,0.0,0.0,False,False,False,False,False,False,False
PT69.361S,2025-05-26T16:47:33.118874,-486.864613880743,-235.96041055718476,-235.96041055718476,-235.96041055718476,-234.46969696969697,0.0,0.0,0.0,0.0,0.0,0.0,False,False,False,False,False,False,False
PT69.534S,2025-05-26T16:47:33.326185,-449.5967741935484,-235.96041055718476,-234.46969696969697,-234.46969696969697,-234.46969696969697,0.0,0.0,0.0,0.0,0.0,0.0,False,False,False,False,False,False,False
PT69.706S,2025-05-26T16:47:33.524666,-449.5967741935484,-234.46969696969697,-234.46969696969697,-234.46969696969697,-235.96041055718476,0.0,0.0,0.0,0.0,0.0,0.0,False,False,False,False,False,False,False
PT69.878S,2025-05-26T16:47:33.723280,-449.5967741935484,-237.4633431085044,-237.4633431085044,-237.4633431085044,-235.96041055718476,0.0,0.0,0.0,0.0,0.0,0.0,False,False,False,False,False,False,False
PT70.050S,2025-05-26T16:47:33.923514,-486.864613880743,-235.96041055718476,-237.4633431085044,-235.96041055718476,-234.46969696969697,0.0,0.0,0.0,0.0,0.0,0.0,False,False,False,False,False,False,False
PT70.223S,2025-05-26T16:47:34.122510,-449.5967741935484,-235.96041055718476,-235.96041055718476,-235.96041055718476,-234.46969696969697,0.0,0.0,0.0,0.0,0.0,0.0,False,False,False,False,False,False,False
PT70.394S,2025-05-26T16:47:34.317807,-449.5967741935484,-235.96041055718476,-235.96041055718476,-234.46969696969697,-234.46969696969697,0.0,0.0,0.0,0.0,0.0,0.0,False,False,False,False,False,False,False
PT70.567S,2025-05-26T16:47:34.422455,-449.5967741935484,-234.46969696969697,-234.46969696969697,-234.46969696969697,-235.96041055718476,0.0,0.0,0.0,0.0,0.0,0.0,False,False,False,False,False,False,False
PT70.739S,2025-05-26T16:47:34.625963,-449.5967741935484,-237.4633431085044,-235.96041055718476,-235.96041055718476,-235.96041055718476,0.0,0.0,0.0,0.0,0.0,0.0,False,False,False,False,False,False,False
PT70.912S,2025-05-26T16:47:34.825206,-412.26783968719457,-237.4633431085044,-237.4633431085044,-235.96041055718476,-235.96041055718476,0.0,0.0,0.0,0.0,0.0,0.0,False,False,False,False,False,False,False
PT71.084S,2025-05-26T16:47:35.016739,-412.26783968719457,-235.96041055718476,-237.4633431085044,-235.96041055718476,-237.4633431085044,0.0,0.0,0.0,0.0,0.0,0.0,False,False,False,False,False,False,False
PT71.257S,2025-05-26T16:47:35.117169,-449.5967741935484,-234.46969696969697,-237.4633431085044,-237.4633431085044,-237.4633431085044,0.0,0.0,0.0,0.0,0.0,0.0,False,False,False,False,False,False,False
PT71.429S,2025-05-26T16:47:35.217950,-449.5967741935484,-235.96041055718476,-235.96041055718476,-234.46969696969697,-234.46969696969697,0.0,0.0,0.0,0.0,0.0,0.0,False,False,False,False,False,False,False
PT71.601S,2025-05-26T16:47:35.318059,-449.5967741935484,-234.46969696969697,-234.46969696969697,-234.46969696969697,-234.46969696969697,0.0,0.0,0.0,0.0,0.0,0.0,False,False,False,False,False,False,False
PT71.773S,2025-05-26T16:47:35.418275,-449.5967741935484,-237.4633431085044,-237.4633431085044,-237.4633431085044,-235.96041055718476,0.0,0.0,0.0,0.0,0.0,0.0,False,False,False,False,False,False,False
PT71.946S,2025-05-26T16:47:35.964866,-449.5967741935484,-235.96041055718476,-235.96041055718476,-234.46969696969697,-234.46969696969697,0.0,0.0,0.0,0.0,0.0,0.0,False,False,False,False,False,False,False
PT72.117S,2025-05-26T16:47:36.973642,-486.864613880743,-237.4633431085044,-235.96041055718476,-235.96041055718476,-234.46969696969697,0.0,0.0,0.0,0.0,0.0,0.0,False,False,False,False,False,False,False
PT72.290S,2025-05-26T16:47:37.966812,-449.5967741935484,-237.4633431085044,-235.96041055718476,-235.96041055718476,-235.96041055718476,0.0,0.0,0.0,0.0,0.0,0.0,False,False,False,False,False,False,False
PT72.462S,2025-05-26T16:47:38.965813,-449.5967741935484,-235.96041055718476,-235.96041055718476,-234.46969696969697,-234.46969696969697,0.0,0.0,0.0,0.0,0.0,0.0,False,False,False,False,False,False,False
PT72.634S,2025-05-26T16:47:39.971104,-449.5967741935484,-234.46969696969697,-234.46969696969697,-234.46969696969697,-234.46969696969697,0.0,0.0,0.0,0.0,0.0,0.0,False,False,False,False,False,False,False
PT72.806S,2025-05-26T16:47:40.968310,-449.5967741935484,-234.46969696969697,-234.46969696969697,-234.46969696969697,-235.96041055718476,0.0,0.0,0.0,0.0,0.0,0.0,False,False,False,False,False,False,False
PT72.979S,2025-05-26T16:47:41.974309,-449.5967741935484,-235.96041055718476,-234.46969696969697,-235.96041055718476,-235.96041055718476,0.0,0.0,0.0,0.0,0.0,0.0,False,False,False,False,False,False,False
PT73.151S,2025-05-26T16:47:42.963665,-449.5967741935484,-234.46969696969697,-234.46969696969697,-234.46969696969697,-234.46969696969697,0.0,0.0,0.0,0.0,0.0,0.0,False,False,False,False,False,False,False
PT73.323S,2025-05-26T16:47:43.969990,-449.5967741935484,-237.4633431085044,-237.4633431085044,-235.96041055718476,-235.96041055718476,0.0,0.0,0.0,0.0,0.0,0.0,False,False,False,False,False,False,False
PT73.495S,2025-05-26T16:47:44.967222,-449.5967741935484,-235.96041055718476,-235.96041055718476,-234.46969696969697,-234.46969696969697,0.0,0.0,0.0,0.0,0.0,0.0,False,False,False,False,False,False,False
PT73.668S,2025-05-26T16:47:45.963505,-449.5967741935484,-234.46969696969697,-235.96041055718476,-235.96041055718476,-237.4633431085044,0.0,0.0,0.0,0.0,0.0,0.0,False,False,False,False,False,False,False
PT73.839S,2025-05-26T16:47:46.968337,-449.5967741935484,-237.4633431085044,-237.4633431085044,-237.4633431085044,-235.96041055718476,0.0,0.0,0.0,0.0,0.0,0.0,False,False,False,False,False,False,False
PT74.012S,2025-05-26T16:47:47.963567,-449.5967741935484,-235.96041055718476,-235.96041055718476,-234.46969696969697,-234.46969696969697,0.0,0.0,0.0,0.0,0.0,0.0,False,False,False,False,False,False,False
PT74.184S,2025-05-26T16:47:48.964883,-449.5967741935484,-237.4633431085044,-235.96041055718476,-235.96041055718476,-235.96041055718476,0.0,0.0,0.0,0.0,0.0,0.0,False,False,False,False,False,False,False
PT74.356S,2025-05-26T16:47:49.972096,-449.5967741935484,-234.46969696969697,-234.46969696969697,-234.46969696969697,-234.46969696969697,0.0,0.0,0.0,0.0,0.0,0.0,False,False,False,False,False,False,False
PT74.528S,2025-05-26T16:47:50.983366,-449.5967741935484,-234.46969696969697,-234.46969696969697,-234.46969696969697,-234.46969696969697,0.0,0.0,0.0,0.0,0.0,0.0,False,False,False,False,False,False,False
PT74.701S,2025-05-26T16:47:51.970345,-449.5967741935484,-237.4633431085044,-237.4633431085044,-235.96041055718476,-235.96041055718476,0.0,0.0,0.0,0.0,0.0,0.0,False,False,False,False,False,False,False
PT74.873S,2025-05-26T16:47:52.963311,-486.864613880743,-235.96041055718476,-235.96041055718476,-234.46969696969697,-234.46969696969697,0.0,0.0,0.0,0.0,0.0,0.0,False,False,False,False,False,False,False
PT75.045S,2025-05-26T16:47:53.967069,-449.5967741935484,-234.46969696969697,-235.96041055718476,-234.46969696969697,-235.96041055718476,0.0,0.0,0.0,0.0,0.0,0.0,False,False,False,False,False,False,False
PT75.217S,2025-05-26T16:47:54.966994,-449.5967741935484,-235.96041055718476,-234.46969696969697,-235.96041055718476,-234.46969696969697,0.0,0.0,0.0,0.0,0.0,0.0,False,False,False,False,False,False,False
PT75.390S,2025-05-26T16:47:55.963496,-486.864613880743,-237.4633431085044,-235.96041055718476,-235.96041055718476,-234.46969696969697,0.0,0.0,0.0,0.0,0.0,0.0,False,False,False,False,False,False,False
PT75.563S,2025-05-26T16:47:56.965405,-412.26783968719457,-235.96041055718476,-237.4633431085044,-235.96041055718476,-235.96041055718476,0.0,0.0,0.0,0.0,0.0,0.0,False,False,False,False,False,False,False
PT75.735S,2025-05-26T16:47:57.963173,-486.864613880743,-235.96041055718476,-235.96041055718476,-234.46969696969697,-234.46969696969697,0.0,0.0,0.0,0.0,0.0,0.0,False,False,False,False,False,False,False
PT75.907S,2025-05-26T16:47:58.966738,-486.864613880743,-235.96041055718476,-235.96041055718476,-235.96041055718476,-235.96041055718476,0.0,0.0,0.0,0.0,0.0,0.0,False,False,False,False,False,False,False
PT76.080S,2025-05-26T16:47:59.961526,-449.5967741935484,-234.46969696969697,-235.96041055718476,-237.4633431085044,-237.4633431085044,0.0,0.0,0.0,0.0,0.0,0.0,False,False,False,False,False,False,False
PT76.251S,2025-05-26T16:48:00.974185,-449.5967741935484,-237.4633431085044,-237.4633431085044,-237.4633431085044,-235.96041055718476,0.0,0.0,0.0,0.0,0.0,0.0,False,False,False,False,False,False,False
PT76.424S,2025-05-26T16:48:01.966079,-486.864613880743,-235.96041055718476,-235.96041055718476,-235.96041055718476,-234.46969696969697,0.0,0.0,0.0,0.0,0.0,0.0,False,False,False,False,False,False,False
PT76.596S,2025-05-26T16:48:02.964339,-486.864613880743,-235.96041055718476,-235.96041055718476,-234.46969696969697,-234.46969696969697,0.0,0.0,0.0,0.0,0.0,0.0,False,False,False,False,False,False,False
PT76.768S,2025-05-26T16:48:03.967466,-449.5967741935484,-234.46969696969697,-234.46969696969697,-234.46969696969697,-234.46969696969697,0.0,0.0,0.0,0.0,0.0,0.0,False,False,False,False,False,False,False
PT76.940S,2025-05-26T16:48:04.962727,-449.5967741935484,-237.4633431085044,-235.96041055718476,-235.96041055718476,-235.96041055718476,0.0,0.0,0.0,0.0,0.0,0.0,False,False,False,False,False,False,False
PT77.113S,2025-05-26T16:48:05.963876,-449.5967741935484,-235.96041055718476,-235.96041055718476,-237.4633431085044,-235.96041055718476,0.0,0.0,0.0,0.0,0.0,0.0,False,False,False,False,False,False,False
PT77.285S,2025-05-26T16:48:06.961885,-449.5967741935484,-235.96041055718476,-234.46969696969697,-234.46969696969697,-234.46969696969697,0.0,0.0,0.0,0.0,0.0,0.0,False,False,False,False,False,False,False
PT77.457S,2025-05-26T16:48:07.963345,-449.5967741935484,-237.4633431085044,-237.4633431085044,-235.96041055718476,-235.96041055718476,0.0,0.0,0.0,0.0,0.0,0.0,False,False,False,False,False,False,False
PT77.629S,2025-05-26T16:48:08.983826,-412.26783968719457,-235.96041055718476,-234.46969696969697,-234.46969696969697,-234.46969696969697,0.0,0.0,0.0,0.0,0.0,0.0,False,False,False,False,False,False,False
PT77.802S,2025-05-26T16:48:09.961502,-449.5967741935484,-234.46969696969697,-234.46969696969697,-234.46969696969697,-235.96041055718476,0.0,0.0,0.0,0.0,0.0,0.0,False,False,False,False,False,False,False
PT77.973S,2025-05-26T16:48:10.968075,-449.5967741935484,-235.96041055718476,-237.4633431085044,-235.96041055718476,-235.96041055718476,0.0,0.0,0.0,0.0,0.0,0.0,False,False,False,False,False,False,False
PT78.146S,2025-05-26T16:48:11.971132,-412.26783968719457,-237.4633431085044,-237.4633431085044,-237.4633431085044,-235.96041055718476,0.0,0.0,0.0,0.0,0.0,0.0,False,False,False,False,False,False,False
PT78.318S,2025-05-26T16:48:12.962122,-449.5967741935484,-235.96041055718476,-237.4633431085044,-237.4633431085044,-235.96041055718476,0.0,0.0,0.0,0.0,0.0,0.0,False,False,False,False,False,False,False
PT78.490S,2025-05-26T16:48:13.966216,-449.5967741935484,-235.96041055718476,-234.46969696969697,-234.46969696969697,-234.46969696969697,0.0,0.0,0.0,0.0,0.0,0.0,False,False,False,False,False,False,False
PT78.662S,2025-05-26T16:48:14.968987,-449.5967741935484,-235.96041055718476,-234.46969696969697,-234.46969696969697,-234.46969696969697,0.0,0.0,0.0,0.0,0.0,0.0,False,False,False,False,False,False,False
PT78.835S,2025-05-26T16:48:15.969142,-486.864613880743,-235.96041055718476,-235.96041055718476,-235.96041055718476,-234.46969696969697,0.0,0.0,0.0,0.0,0.0,0.0,False,False,False,False,False,False,False
PT79.007S,2025-05-26T16:48:16.966019,-449.5967741935484,-234.46969696969697,-237.4633431085044,-237.4633431085044,-237.4633431085044,0.0,0.0,0.0,0.0,0.0,0.0,False,False,False,False,False,False,False
PT79.179S,2025-05-26T16:48:17.964263,-449.5967741935484,-235.96041055718476,-237.4633431085044,-235.96041055718476,-235.96041055718476,0.0,0.0,0.0,0.0,0.0,0.0,False,False,False,False,False,False,False
PT79.351S,2025-05-26T16:48:18.966571,-449.5967741935484,-235.96041055718476,-235.96041055718476,-235.96041055718476,-235.96041055718476,0.0,0.0,0.0,0.0,0.0,0.0,False,False,False,False,False,False,False
PT79.524S,2025-05-26T16:48:19.973018,-449.5967741935484,-235.96041055718476,-237.4633431085044,-235.96041055718476,-237.4633431085044,0.0,0.0,0.0,0.0,0.0,0.0,False,False,False,False,False,False,False
PT79.695S,2025-05-26T16:48:20.980053,-449.5967741935484,-235.96041055718476,-234.46969696969697,-234.46969696969697,-234.46969696969697,0.0,0.0,0.0,0.0,0.0,0.0,False,False,False,False,False,False,False
PT79.868S,2025-05-26T16:48:21.963161,-449.5967741935484,-234.46969696969697,-234.46969696969697,-234.46969696969697,-235.96041055718476,0.0,0.0,0.0,0.0,0.0,0.0,False,False,False,False,False,False,False
PT80.040S,2025-05-26T16:48:22.960542,-449.5967741935484,-234.46969696969697,-234.46969696969697,-234.46969696969697,-234.46969696969697,0.0,0.0,0.0,0.0,0.0,0.0,False,False,False,False,False,False,False
PT80.212S,2025-05-26T16:48:23.963206,-449.5967741935484,-234.46969696969697,-237.4633431085044,-235.96041055718476,-237.4633431085044,0.0,0.0,0.0,0.0,0.0,0.0,False,False,False,False,False,False,False
PT80.385S,2025-05-26T16:48:24.965210,-486.864613880743,-235.96041055718476,-235.96041055718476,-234.46969696969697,-234.46969696969697,0.0,0.0,0.0,0.0,0.0,0.0,False,False,False,False,False,False,False
PT80.558S,2025-05-26T16:48:25.970015,-486.864613880743,-237.4633431085044,-237.4633431085044,-235.96041055718476,-235.96041055718476,0.0,0.0,0.0,0.0,0.0,0.0,False,False,False,False,False,False,False
